COD,NOMBRE_BARRIO,BARRIO_TRADICIONAL,ID,ROL_FAMILIAR,EDAD,Grupos de edad,Sexo,NOMBRE,Pais Origen
17015000722505,CENTRO HISTORICO,Gonzales suarez,1,Jefe/a de Hogar,52,De 50 a 54 años,Hombre,PICHINCHA,ECUADOR
17015001022401,CENTRO HISTORICO,Gonzales suarez,2,Jefe/a de Hogar,55,De 55 a 59 años,Mujer,PICHINCHA,ECUADOR
17015001022402,CENTRO HISTORICO,Gonzales suarez,3,Jefe/a de Hogar,23,De 20 a 24 años,Mujer,CHIMBORAZO,ECUADOR
17015000822401,CENTRO HISTORICO,Gonzales suarez,4,Jefe/a de Hogar,80,De 80 a 84 años,Hombre,PICHINCHA,ECUADOR
17015000822402,CENTRO HISTORICO,Gonzales suarez,5,Jefe/a de Hogar,54,De 50 a 54 años,Hombre,PICHINCHA,ECUADOR
17015000622401,CENTRO HISTORICO,Gonzales suarez,6,Jefe/a de Hogar,50,De 50 a 54 años,Mujer,PICHINCHA,ECUADOR
17015001022405,CENTRO HISTORICO,Gonzales suarez,7,Jefe/a de Hogar,61,De 60 a 64 años,Mujer,PICHINCHA,ECUADOR
17015001022403,CENTRO HISTORICO,Gonzales suarez,8,Jefe/a de Hogar,55,De 55 a 59 años,Hombre,PICHINCHA,ECUADOR
17015000822405,CENTRO HISTORICO,Gonzales suarez,9,Jefe/a de Hogar,32,De 30 a 34 años,Hombre,PICHINCHA,ECUADOR
17015000822404,CENTRO HISTORICO,Gonzales suarez,10,Jefe/a de Hogar,38,De 35 a 39 años,Hombre,PICHINCHA,ECUADOR
17015000822403,CENTRO HISTORICO,Gonzales suarez,11,Jefe/a de Hogar,49,De 45 a 49 años,Hombre,PICHINCHA,ECUADOR
17015001022406,CENTRO HISTORICO,Gonzales suarez,12,Jefe/a de Hogar,32,De 30 a 34 años,Hombre,PICHINCHA,ECUADOR
17015000922401,CENTRO HISTORICO,Gonzales suarez,13,Jefe/a de Hogar,33,De 30 a 34 años,Hombre,GUAYAS,ECUADOR
17015000822406,CENTRO HISTORICO,Gonzales suarez,14,Jefe/a de Hogar,73,De 70 a 74 años,Mujer,PICHINCHA,ECUADOR
17015000822409,CENTRO HISTORICO,Gonzales suarez,15,Jefe/a de Hogar,62,De 60 a 64 años,Mujer,CHIMBORAZO,ECUADOR
17015000822410,CENTRO HISTORICO,Gonzales suarez,16,Jefe/a de Hogar,58,De 55 a 59 años,Hombre,CHIMBORAZO,ECUADOR
17015000722402,CENTRO HISTORICO,Gonzales suarez,17,Jefe/a de Hogar,59,De 55 a 59 años,Hombre,ESMERALDAS,ECUADOR
17015000522401,CENTRO HISTORICO,Gonzales suarez,18,Jefe/a de Hogar,57,De 55 a 59 años,Hombre,PICHINCHA,ECUADOR
17015000922403,CENTRO HISTORICO,Gonzales suarez,19,Jefe/a de Hogar,46,De 45 a 49 años,Hombre,COTOPAXI,ECUADOR
17015000922402,CENTRO HISTORICO,Gonzales suarez,20,Jefe/a de Hogar,38,De 35 a 39 años,Hombre,OTRO PAIS,COLOMBIA
17015000822407,CENTRO HISTORICO,Gonzales suarez,21,Jefe/a de Hogar,38,De 35 a 39 años,Mujer,PICHINCHA,ECUADOR
17015000822408,CENTRO HISTORICO,Gonzales suarez,22,Jefe/a de Hogar,65,De 65 a 69 años,Mujer,CARCHI,ECUADOR
17015000722406,CENTRO HISTORICO,Gonzales suarez,23,Jefe/a de Hogar,74,De 70 a 74 años,Hombre,TUNGURAHUA,ECUADOR
17015000722404,CENTRO HISTORICO,Gonzales suarez,24,Jefe/a de Hogar,63,De 60 a 64 años,Hombre,PICHINCHA,ECUADOR
17015000722403,CENTRO HISTORICO,Gonzales suarez,25,Jefe/a de Hogar,36,De 35 a 39 años,Mujer,MANABI,ECUADOR
17015000522402,CENTRO HISTORICO,Gonzales suarez,26,Jefe/a de Hogar,78,De 75 a 79 años,Hombre,PICHINCHA,ECUADOR
17015001122402,CENTRO HISTORICO,Gonzales suarez,27,Jefe/a de Hogar,68,De 65 a 69 años,Hombre,PICHINCHA,ECUADOR
17015000922404,CENTRO HISTORICO,Gonzales suarez,28,Jefe/a de Hogar,45,De 45 a 49 años,Hombre,PICHINCHA,ECUADOR
17015000122201,CENTRO HISTORICO,Gonzales suarez,29,Jefe/a de Hogar,27,De 25 a 29 años,Hombre,IMBABURA,ECUADOR
17015000722407,CENTRO HISTORICO,Gonzales suarez,30,Jefe/a de Hogar,66,De 65 a 69 años,Hombre,TUNGURAHUA,ECUADOR
17015000922405,CENTRO HISTORICO,San Marcos,31,Jefe/a de Hogar,72,De 70 a 74 años,Mujer,PICHINCHA,ECUADOR
17015000422102,CENTRO HISTORICO,San Marcos,32,Jefe/a de Hogar,28,De 25 a 29 años,Hombre,TUNGURAHUA,ECUADOR
17015000422103,CENTRO HISTORICO,San Marcos,33,Jefe/a de Hogar,63,De 60 a 64 años,Mujer,PICHINCHA,ECUADOR
17015000122202,CENTRO HISTORICO,San Marcos,34,Jefe/a de Hogar,22,De 20 a 24 años,Hombre,TUNGURAHUA,ECUADOR
17015000422104,CENTRO HISTORICO,San Marcos,35,Jefe/a de Hogar,42,De 40 a 44 años,Hombre,MANABI,ECUADOR
17015000122203,CENTRO HISTORICO,San Marcos,36,Jefe/a de Hogar,77,De 75 a 79 años,Hombre,CAÑAR,ECUADOR
17015000522101,CENTRO HISTORICO,San Marcos,37,Jefe/a de Hogar,44,De 40 a 44 años,Hombre,AZUAY,ECUADOR
17015000322101,CENTRO HISTORICO,San Marcos,38,Jefe/a de Hogar,26,De 25 a 29 años,Hombre,MANABI,ECUADOR
17015000622101,CENTRO HISTORICO,San Marcos,39,Jefe/a de Hogar,50,De 50 a 54 años,Hombre,PICHINCHA,ECUADOR
17015000922102,CENTRO HISTORICO,San Marcos,40,Jefe/a de Hogar,54,De 50 a 54 años,Hombre,MANABI,ECUADOR
17015000722101,CENTRO HISTORICO,San Marcos,41,Jefe/a de Hogar,62,De 60 a 64 años,Hombre,PICHINCHA,ECUADOR
17015000722102,CENTRO HISTORICO,San Marcos,42,Jefe/a de Hogar,47,De 45 a 49 años,Mujer,PICHINCHA,ECUADOR
17015000822101,CENTRO HISTORICO,San Marcos,43,Jefe/a de Hogar,46,De 45 a 49 años,Mujer,PICHINCHA,ECUADOR
17015001022102,CENTRO HISTORICO,San Marcos,44,Jefe/a de Hogar,35,De 35 a 39 años,Hombre,COTOPAXI,ECUADOR
17015000922103,CENTRO HISTORICO,San Marcos,45,Jefe/a de Hogar,25,De 25 a 29 años,Hombre,LOJA,ECUADOR
17015000022101,CENTRO HISTORICO,San Marcos,46,Jefe/a de Hogar,46,De 45 a 49 años,Mujer,LOJA,ECUADOR
17015001022601,CENTRO HISTORICO,24 de Mayo,47,Jefe/a de Hogar,56,De 55 a 59 años,Hombre,PICHINCHA,ECUADOR
17015000522602,CENTRO HISTORICO,24 de Mayo,48,Jefe/a de Hogar,43,De 40 a 44 años,Hombre,PICHINCHA,ECUADOR
17015000522603,CENTRO HISTORICO,24 de Mayo,49,Jefe/a de Hogar,64,De 60 a 64 años,Mujer,PICHINCHA,ECUADOR
17015001122601,CENTRO HISTORICO,24 de Mayo,50,Jefe/a de Hogar,42,De 40 a 44 años,Mujer,PICHINCHA,ECUADOR
17015000922602,CENTRO HISTORICO,24 de Mayo,51,Jefe/a de Hogar,87,De 85 a 89 años,Mujer,LOJA,ECUADOR
17015000121901,CENTRO HISTORICO,24 de Mayo,52,Jefe/a de Hogar,53,De 50 a 54 años,Mujer,PICHINCHA,ECUADOR
17015000121902,CENTRO HISTORICO,24 de Mayo,53,Jefe/a de Hogar,68,De 65 a 69 años,Hombre,COTOPAXI,ECUADOR
17015001022407,CENTRO HISTORICO,24 de Mayo,54,Jefe/a de Hogar,34,De 30 a 34 años,Hombre,LOJA,ECUADOR
17015000221901,CENTRO HISTORICO,24 de Mayo,55,Jefe/a de Hogar,60,De 60 a 64 años,Mujer,PICHINCHA,ECUADOR
17015000321901,CENTRO HISTORICO,24 de Mayo,56,Jefe/a de Hogar,66,De 65 a 69 años,Mujer,CHIMBORAZO,ECUADOR
17015000321903,CENTRO HISTORICO,24 de Mayo,57,Jefe/a de Hogar,44,De 40 a 44 años,Hombre,AZUAY,ECUADOR
17015001022408,CENTRO HISTORICO,24de Mayo,58,Jefe/a de Hogar,38,De 35 a 39 años,Hombre,NAPO,ECUADOR
17015000221902,CENTRO HISTORICO,24 de Mayo,59,Jefe/a de Hogar,39,De 35 a 39 años,Hombre,ESMERALDAS,ECUADOR
17015000621901,CENTRO HISTORICO,24 de Mayo,60,Jefe/a de Hogar,58,De 55 a 59 años,Mujer,GUAYAS,ECUADOR
17015000321903,CENTRO HISTORICO,24 de Mayo,61,Jefe/a de Hogar,40,De 40 a 44 años,Hombre,LOJA,ECUADOR
17015001122401,CENTRO HISTORICO,24de Mayo,62,Jefe/a de Hogar,70,De 70 a 74 años,Hombre,CHIMBORAZO,ECUADOR
17015000721901,CENTRO HISTORICO,24 de Mayo,63,Jefe/a de Hogar,54,De 50 a 54 años,Hombre,PICHINCHA,ECUADOR
17015000721902,CENTRO HISTORICO,24 de Mayo,64,Jefe/a de Hogar,35,De 35 a 39 años,Mujer,OTRO PAIS,COLOMBIA
17015000122001,CENTRO HISTORICO,San Sebastian,65,Jefe/a de Hogar,28,De 25 a 29 años,Hombre,TUNGURAHUA,ECUADOR
17015000222005,CENTRO HISTORICO,San Sebastian,66,Jefe/a de Hogar,58,De 55 a 59 años,Mujer,PICHINCHA,ECUADOR
17015000921901,CENTRO HISTORICO,San Sebastian,67,Jefe/a de Hogar,44,De 40 a 44 años,Hombre,AZUAY,ECUADOR
17015000921901,CENTRO HISTORICO,San Sebastian,68,Jefe/a de Hogar,52,De 50 a 54 años,Mujer,AZUAY,ECUADOR
17015001021901,CENTRO HISTORICO,San Sebastian,69,Jefe/a de Hogar,70,De 70 a 74 años,Mujer,IMBABURA,ECUADOR
17015001121901,CENTRO HISTORICO,San Sebastian,70,Jefe/a de Hogar,75,De 75 a 79 años,Hombre,PICHINCHA,ECUADOR
17015000821901,CENTRO HISTORICO,San Sebastian,71,Jefe/a de Hogar,83,De 80 a 84 años,Mujer,AZUAY,ECUADOR
17015000821901,CENTRO HISTORICO,San Sebastian,72,Jefe/a de Hogar,48,De 45 a 49 años,Hombre,MANABI,ECUADOR
17015000622701,CENTRO HISTORICO,San Sebastian,73,Jefe/a de Hogar,62,De 60 a 64 años,Mujer,CARCHI,ECUADOR
17015000622701,CENTRO HISTORICO,5 de Junio,74,Jefe/a de Hogar,38,De 35 a 39 años,Hombre,PICHINCHA,ECUADOR
17015000722702,CENTRO HISTORICO,5 de Junio,75,Jefe/a de Hogar,44,De 40 a 44 años,Hombre,CHIMBORAZO,ECUADOR
17015000722701,CENTRO HISTORICO,5 de Junio,76,Jefe/a de Hogar,58,De 55 a 59 años,Hombre,AZUAY,ECUADOR
17015000422701,CENTRO HISTORICO,5 de Junio,77,Jefe/a de Hogar,74,De 70 a 74 años,Hombre,PICHINCHA,ECUADOR
17015000222702,CENTRO HISTORICO,5 de Junio,78,Jefe/a de Hogar,44,De 40 a 44 años,Hombre,PICHINCHA,ECUADOR
17015000222701,CENTRO HISTORICO,San Diego,79,Jefe/a de Hogar,58,De 55 a 59 años,Mujer,PICHINCHA,ECUADOR
17015000222601,CENTRO HISTORICO,San Diego,80,Jefe/a de Hogar,28,De 25 a 29 años,Hombre,PICHINCHA,ECUADOR
17015000122601,CENTRO HISTORICO,San Diego,81,Jefe/a de Hogar,43,De 40 a 44 años,Hombre,AZUAY,ECUADOR
17015000122801,CENTRO HISTORICO,San Diego,82,Jefe/a de Hogar,56,De 55 a 59 años,Hombre,COTOPAXI,ECUADOR
17015000222802,CENTRO HISTORICO,San Diego,83,Jefe/a de Hogar,68,De 65 a 69 años,Hombre,PICHINCHA,ECUADOR
17015000222803,CENTRO HISTORICO,San Diego,84,Jefe/a de Hogar,36,De 35 a 39 años,Hombre,EL ORO,ECUADOR
17015000222801,CENTRO HISTORICO,San Diego,85,Jefe/a de Hogar,60,De 60 a 64 años,Mujer,PICHINCHA,ECUADOR
17015000822901,CENTRO HISTORICO,San Diego,86,Jefe/a de Hogar,58,De 55 a 59 años,Hombre,CHIMBORAZO,ECUADOR
17015000822902,CENTRO HISTORICO,San Diego,87,Jefe/a de Hogar,53,De 50 a 54 años,Hombre,BOLÍVAR,ECUADOR
17015001022901,CENTRO HISTORICO,San Diego,88,Jefe/a de Hogar,37,De 35 a 39 años,Hombre,IMBABURA,ECUADOR
17015000922901,CENTRO HISTORICO,San Diego,89,Jefe/a de Hogar,60,De 60 a 64 años,Hombre,IMBABURA,ECUADOR
17015000622402,CENTRO HISTORICO,La Chilena,90,Jefe/a de Hogar,42,De 40 a 44 años,Hombre,PICHINCHA,ECUADOR
17015000118801,CENTRO HISTORICO,La Chilena,91,Jefe/a de Hogar,73,De 70 a 74 años,Mujer,COTOPAXI,ECUADOR
17015000922501,CENTRO HISTORICO,La Chilena,92,Jefe/a de Hogar,61,De 60 a 64 años,Mujer,PICHINCHA,ECUADOR
17015000218701,CENTRO HISTORICO,La Chilena,93,Jefe/a de Hogar,60,De 60 a 64 años,Mujer,PICHINCHA,ECUADOR
17015000818701,CENTRO HISTORICO,La Chilena,94,Jefe/a de Hogar,23,De 20 a 24 años,Hombre,PICHINCHA,ECUADOR
17015000318703,CENTRO HISTORICO,La Chilena,95,Jefe/a de Hogar,58,De 55 a 59 años,Hombre,PICHINCHA,ECUADOR
17015000622403,CENTRO HISTORICO,Santa Barbara,96,Jefe/a de Hogar,63,De 60 a 64 años,Mujer,PICHINCHA,ECUADOR
17015000722401,CENTRO HISTORICO,Santa Barbara,97,Jefe/a de Hogar,36,De 35 a 39 años,Mujer,PICHINCHA,ECUADOR
17015000622404,CENTRO HISTORICO,Santa Barbara,98,Jefe/a de Hogar,60,De 60 a 64 años,Hombre,PICHINCHA,ECUADOR
17015000418802,CENTRO HISTORICO,Santa Barbara,99,Jefe/a de Hogar,76,De 75 a 79 años,Hombre,PICHINCHA,ECUADOR
17015000518801,CENTRO HISTORICO,Santa Barbara,100,Jefe/a de Hogar,75,De 75 a 79 años,Hombre,AZUAY,ECUADOR
17015001018801,CENTRO HISTORICO,Santa Barbara,101,Jefe/a de Hogar,63,De 60 a 64 años,Hombre,PICHINCHA,ECUADOR
17015000918801,CENTRO HISTORICO,Santa Barbara,102,Jefe/a de Hogar,43,De 40 a 44 años,Hombre,PICHINCHA,ECUADOR
17015001018802,CENTRO HISTORICO,Santa Barbara,103,Jefe/a de Hogar,32,De 30 a 34 años,Hombre,PICHINCHA,ECUADOR
17015001118801,CENTRO HISTORICO,Santa Barbara,104,Jefe/a de Hogar,57,De 55 a 59 años,Mujer,CARCHI,ECUADOR
17015000522404,CENTRO HISTORICO,Santa Barbara,105,Jefe/a de Hogar,55,De 55 a 59 años,Hombre,PICHINCHA,ECUADOR
17015000618703,CENTRO HISTORICO,San Juan,106,Jefe/a de Hogar,48,De 45 a 49 años,Hombre,CHIMBORAZO,ECUADOR
17015000618702,CENTRO HISTORICO,San Juan,107,Jefe/a de Hogar,70,De 70 a 74 años,Hombre,PICHINCHA,ECUADOR
17015000518701,CENTRO HISTORICO,San Juan,108,Jefe/a de Hogar,54,De 50 a 54 años,Hombre,PICHINCHA,ECUADOR
17015000518702,CENTRO HISTORICO,San Juan,109,Jefe/a de Hogar,50,De 50 a 54 años,Mujer,PICHINCHA,ECUADOR
17015000417903,CENTRO HISTORICO,San Juan,110,Jefe/a de Hogar,80,De 80 a 84 años,Hombre,BOLÍVAR,ECUADOR
17015000318701,CENTRO HISTORICO,San Juan,111,Jefe/a de Hogar,35,De 35 a 39 años,Hombre,PICHINCHA,ECUADOR
17015000318702,CENTRO HISTORICO,San Juan,112,Jefe/a de Hogar,47,De 45 a 49 años,Hombre,PICHINCHA,ECUADOR
17015000118703,CENTRO HISTORICO,San Juan,113,Jefe/a de Hogar,52,De 50 a 54 años,Hombre,TUNGURAHUA,ECUADOR
17015000818901,CENTRO HISTORICO,San Juan,114,Jefe/a de Hogar,76,De 75 a 79 años,Hombre,TUNGURAHUA,ECUADOR
17015000118702,CENTRO HISTORICO,San Juan,115,Jefe/a de Hogar,60,De 60 a 64 años,Hombre,PICHINCHA,ECUADOR
17015000118701,CENTRO HISTORICO,San Juan,116,Jefe/a de Hogar,73,De 70 a 74 años,Mujer,AZUAY,ECUADOR
17015000818902,CENTRO HISTORICO,San Juan,117,Jefe/a de Hogar,52,De 50 a 54 años,Hombre,PICHINCHA,ECUADOR
17015000218801,CENTRO HISTORICO,San Juan,118,Jefe/a de Hogar,50,De 50 a 54 años,Hombre,PICHINCHA,ECUADOR
17015000818903,CENTRO HISTORICO,San Juan,119,Jefe/a de Hogar,31,De 30 a 34 años,Hombre,GUAYAS,ECUADOR
17015000418801,CENTRO HISTORICO,San Juan,120,Jefe/a de Hogar,37,De 35 a 39 años,Hombre,LOJA,ECUADOR
17015000318801,CENTRO HISTORICO,San Juan,121,Jefe/a de Hogar,53,De 50 a 54 años,Hombre,PICHINCHA,ECUADOR
17015000618801,CENTRO HISTORICO,San Juan,122,Jefe/a de Hogar,62,De 60 a 64 años,Hombre,PICHINCHA,ECUADOR
17015000618802,CENTRO HISTORICO,San Juan,123,Jefe/a de Hogar,60,De 60 a 64 años,Hombre,PICHINCHA,ECUADOR
17015000818801,CENTRO HISTORICO,San Juan,124,Jefe/a de Hogar,73,De 70 a 74 años,Mujer,PICHINCHA,ECUADOR
17015000718801,CENTRO HISTORICO,San Juan,125,Jefe/a de Hogar,31,De 30 a 34 años,Hombre,AZUAY,ECUADOR
17015000818802,CENTRO HISTORICO,San Juan,126,Jefe/a de Hogar,50,De 50 a 54 años,Mujer,PICHINCHA,ECUADOR
17015001019101,CENTRO HISTORICO,San Juan,127,Jefe/a de Hogar,32,De 30 a 34 años,Hombre,PICHINCHA,ECUADOR
17015000322401,CENTRO HISTORICO,San Juan,128,Jefe/a de Hogar,35,De 35 a 39 años,Hombre,PICHINCHA,ECUADOR
17015000222401,CENTRO HISTORICO,San Juan,129,Jefe/a de Hogar,40,De 40 a 44 años,Hombre,IMBABURA,ECUADOR
17015001221903,CENTRO HISTORICO,La Recoleta,130,Jefe/a de Hogar,58,De 55 a 59 años,Mujer,PICHINCHA,ECUADOR
17015001221902,CENTRO HISTORICO,La Recoleta,131,Jefe/a de Hogar,59,De 55 a 59 años,Hombre,GUAYAS,ECUADOR
17015001221901,CENTRO HISTORICO,La Recoleta,132,Jefe/a de Hogar,59,De 55 a 59 años,Hombre,PICHINCHA,ECUADOR
17015000519204,CENTRO HISTORICO,Itchimbia,133,Jefe/a de Hogar,75,De 75 a 79 años,Hombre,PICHINCHA,ECUADOR
17015000519203,CENTRO HISTORICO,Itchimbia,134,Jefe/a de Hogar,55,De 55 a 59 años,Hombre,CHIMBORAZO,ECUADOR
17015000319303,CENTRO HISTORICO,Itchimbia,135,Jefe/a de Hogar,35,De 35 a 39 años,Hombre,MANABI,ECUADOR
17015000319302,CENTRO HISTORICO,Itchimbia,136,Jefe/a de Hogar,59,De 55 a 59 años,Mujer,CARCHI,ECUADOR
17015000319301,CENTRO HISTORICO,Itchimbia,137,Jefe/a de Hogar,29,De 25 a 29 años,Hombre,PICHINCHA,ECUADOR
17015000419301,CENTRO HISTORICO,Itchimbia,138,Jefe/a de Hogar,60,De 60 a 64 años,Mujer,CHIMBORAZO,ECUADOR
17015000422302,CENTRO HISTORICO,Itchimbia,139,Jefe/a de Hogar,58,De 55 a 59 años,Hombre,PICHINCHA,ECUADOR
17015000422303,CENTRO HISTORICO,Itchimbia,140,Jefe/a de Hogar,74,De 70 a 74 años,Hombre,PICHINCHA,ECUADOR
17015000919301,CENTRO HISTORICO,Itchimbia,141,Jefe/a de Hogar,84,De 80 a 84 años,Mujer,PICHINCHA,ECUADOR
17015000518601,CENTRO HISTORICO,El Tejar,142,Jefe/a de Hogar,50,De 50 a 54 años,Hombre,PICHINCHA,ECUADOR
17015000618601,CENTRO HISTORICO,El Tejar,143,Jefe/a de Hogar,70,De 70 a 74 años,Hombre,PICHINCHA,ECUADOR
17015000818601,CENTRO HISTORICO,El Tejar,144,Jefe/a de Hogar,54,De 50 a 54 años,Hombre,OTRO PAIS,COLOMBIA
17015000818602,CENTRO HISTORICO,El Tejar,145,Jefe/a de Hogar,43,De 40 a 44 años,Hombre,PICHINCHA,ECUADOR
17015000618607,CENTRO HISTORICO,El Tejar,146,Jefe/a de Hogar,45,De 45 a 49 años,Mujer,PICHINCHA,ECUADOR
17015000618606,CENTRO HISTORICO,El Tejar,147,Jefe/a de Hogar,56,De 55 a 59 años,Hombre,AZUAY,ECUADOR
17015000618602,CENTRO HISTORICO,El Tejar,148,Jefe/a de Hogar,54,De 50 a 54 años,Mujer,PICHINCHA,ECUADOR
17015000618604,CENTRO HISTORICO,El Tejar,149,Jefe/a de Hogar,50,De 50 a 54 años,Hombre,CHIMBORAZO,ECUADOR
17015000618608,CENTRO HISTORICO,El Tejar,150,Jefe/a de Hogar,37,De 35 a 39 años,Hombre,PICHINCHA,ECUADOR
17015000618609,CENTRO HISTORICO,El Tejar,151,Jefe/a de Hogar,76,De 75 a 79 años,Hombre,PICHINCHA,ECUADOR
17015000618610,CENTRO HISTORICO,El Tejar,152,Jefe/a de Hogar,60,De 60 a 64 años,Hombre,IMBABURA,ECUADOR
17015000718701,CENTRO HISTORICO,El Tejar,153,Jefe/a de Hogar,55,De 55 a 59 años,Mujer,PICHINCHA,ECUADOR
17015000918701,CENTRO HISTORICO,El Tejar,154,Jefe/a de Hogar,68,De 65 a 69 años,Mujer,CARCHI,ECUADOR
17015000818605,CENTRO HISTORICO,El Tejar,155,Jefe/a de Hogar,57,De 55 a 59 años,Hombre,CAÑAR,ECUADOR
17015000818606,CENTRO HISTORICO,El Tejar,156,Jefe/a de Hogar,65,De 65 a 69 años,Hombre,AZUAY,ECUADOR
17015000818603,CENTRO HISTORICO,El Tejar,157,Jefe/a de Hogar,55,De 55 a 59 años,Hombre,PICHINCHA,ECUADOR
17015000818604,CENTRO HISTORICO,El Tejar,158,Jefe/a de Hogar,80,De 80 a 84 años,Hombre,PICHINCHA,ECUADOR
17015001018701,CENTRO HISTORICO,El Tejar,159,Jefe/a de Hogar,37,De 35 a 39 años,Hombre,PICHINCHA,ECUADOR
17015001018702,CENTRO HISTORICO,El Tejar,160,Jefe/a de Hogar,65,De 65 a 69 años,Mujer,PICHINCHA,ECUADOR
17015001018703,CENTRO HISTORICO,El Tejar,161,Jefe/a de Hogar,37,De 35 a 39 años,Hombre,LOJA,ECUADOR
17015000822501,CENTRO HISTORICO,El Tejar,162,Jefe/a de Hogar,28,De 25 a 29 años,Hombre,TUNGURAHUA,ECUADOR
17015000722502,CENTRO HISTORICO,El Tejar,163,Jefe/a de Hogar,58,De 55 a 59 años,Hombre,MANABI,ECUADOR
17015000722501,CENTRO HISTORICO,El Tejar,164,Jefe/a de Hogar,32,De 30 a 34 años,Hombre,BOLÍVAR,ECUADOR
17015000222501,CENTRO HISTORICO,El Tejar,165,Jefe/a de Hogar,55,De 55 a 59 años,Hombre,CARCHI,ECUADOR
17015000722504,CENTRO HISTORICO,El Tejar,166,Jefe/a de Hogar,55,De 55 a 59 años,Hombre,PICHINCHA,ECUADOR
17015000722503,CENTRO HISTORICO,El Tejar,167,Jefe/a de Hogar,70,De 70 a 74 años,Hombre,BOLÍVAR,ECUADOR
17015000822503,CENTRO HISTORICO,El Tejar,168,Jefe/a de Hogar,42,De 40 a 44 años,Hombre,PICHINCHA,ECUADOR
17015000822502,CENTRO HISTORICO,El Tejar,169,Jefe/a de Hogar,69,De 65 a 69 años,Hombre,AZUAY,ECUADOR
17015000823101,CENTRO HISTORICO,La libertad,170,Jefe/a de Hogar,68,De 65 a 69 años,Mujer,PICHINCHA,ECUADOR
17015000223106,CENTRO HISTORICO,La libertad,171,Jefe/a de Hogar,78,De 75 a 79 años,Hombre,COTOPAXI,ECUADOR
17015000223107,CENTRO HISTORICO,La libertad,172,Jefe/a de Hogar,90,De 90 años y mas,Hombre,PICHINCHA,ECUADOR
17015000223101,CENTRO HISTORICO,La libertad,173,Jefe/a de Hogar,75,De 75 a 79 años,Mujer,GUAYAS,ECUADOR
17015000323003,CENTRO HISTORICO,La libertad,174,Jefe/a de Hogar,42,De 40 a 44 años,Hombre,PICHINCHA,ECUADOR
17015000323001,CENTRO HISTORICO,La libertad,175,Jefe/a de Hogar,54,De 50 a 54 años,Hombre,LOJA,ECUADOR
17015000322601,CENTRO HISTORICO,La Victoria,176,Jefe/a de Hogar,65,De 65 a 69 años,Hombre,PICHINCHA,ECUADOR
17015000422601,CENTRO HISTORICO,La Victoria,177,Jefe/a de Hogar,52,De 50 a 54 años,Hombre,PICHINCHA,ECUADOR
17015000622601,CENTRO HISTORICO,La Victoria,178,Jefe/a de Hogar,47,De 45 a 49 años,Mujer,PICHINCHA,ECUADOR
17015000522902,CENTRO HISTORICO,La Victoria,179,Jefe/a de Hogar,44,De 40 a 44 años,Hombre,PICHINCHA,ECUADOR
17015000522901,CENTRO HISTORICO,La Victoria,180,Jefe/a de Hogar,56,De 55 a 59 años,Mujer,CARCHI,ECUADOR
17015000622901,CENTRO HISTORICO,La Victoria,181,Jefe/a de Hogar,75,De 75 a 79 años,Hombre,CARCHI,ECUADOR
17015000622902,CENTRO HISTORICO,La Victoria,182,Jefe/a de Hogar,83,De 80 a 84 años,Hombre,COTOPAXI,ECUADOR
17015000722901,CENTRO HISTORICO,La Victoria,183,Jefe/a de Hogar,87,De 85 a 89 años,Mujer,PICHINCHA,ECUADOR
17015000722902,CENTRO HISTORICO,San Roque,184,Jefe/a de Hogar,69,De 65 a 69 años,Hombre,PICHINCHA,ECUADOR
17015000722903,CENTRO HISTORICO,San Roque,185,Jefe/a de Hogar,75,De 75 a 79 años,Hombre,PICHINCHA,ECUADOR
17015000222902,CENTRO HISTORICO,San Roque,186,Jefe/a de Hogar,66,De 65 a 69 años,Hombre,PICHINCHA,ECUADOR
17015000222903,CENTRO HISTORICO,San Roque,187,Jefe/a de Hogar,55,De 55 a 59 años,Mujer,PICHINCHA,ECUADOR
17015000222904,CENTRO HISTORICO,San Roque,188,Jefe/a de Hogar,43,De 40 a 44 años,Hombre,PICHINCHA,ECUADOR
17015000222905,CENTRO HISTORICO,San Roque,189,Jefe/a de Hogar,80,De 80 a 84 años,Hombre,TUNGURAHUA,ECUADOR
17015000722601,CENTRO HISTORICO,San Roque,190,Jefe/a de Hogar,43,De 40 a 44 años,Hombre,PICHINCHA,ECUADOR
17015000822601,CENTRO HISTORICO,San Roque,191,Jefe/a de Hogar,56,De 55 a 59 años,Hombre,PICHINCHA,ECUADOR
17015000422901,CENTRO HISTORICO,San Roque,192,Jefe/a de Hogar,45,De 45 a 49 años,Mujer,PICHINCHA,ECUADOR
17015000622501,CENTRO HISTORICO,San Roque,193,Jefe/a de Hogar,69,De 65 a 69 años,Hombre,PICHINCHA,ECUADOR
17015000322501,CENTRO HISTORICO,San Roque,194,Jefe/a de Hogar,39,De 35 a 39 años,Hombre,PICHINCHA,ECUADOR
17015000322901,CENTRO HISTORICO,San Roque,195,Jefe/a de Hogar,55,De 55 a 59 años,Hombre,PICHINCHA,ECUADOR
17015000522501,CENTRO HISTORICO,San Roque,196,Jefe/a de Hogar,55,De 55 a 59 años,Hombre,CHIMBORAZO,ECUADOR
17015000422501,CENTRO HISTORICO,San Roque,197,Jefe/a de Hogar,27,De 25 a 29 años,Hombre,CHIMBORAZO,ECUADOR
17015000122501,CENTRO HISTORICO,San Roque,198,Jefe/a de Hogar,45,De 45 a 49 años,Hombre,AZUAY,ECUADOR
17015001018603,CENTRO HISTORICO,San Roque,199,Jefe/a de Hogar,74,De 70 a 74 años,Hombre,CHIMBORAZO,ECUADOR
17015001018604,CENTRO HISTORICO,San Roque,200,Jefe/a de Hogar,84,De 80 a 84 años,Hombre,PICHINCHA,ECUADOR
17015001018605,CENTRO HISTORICO,San Roque,201,Jefe/a de Hogar,77,De 75 a 79 años,Hombre,PICHINCHA,ECUADOR
17015001018602,CENTRO HISTORICO,San Roque,202,Jefe/a de Hogar,49,De 45 a 49 años,Mujer,OTRO PAIS,COLOMBIA
17015001018601,CENTRO HISTORICO,San Roque,203,Jefe/a de Hogar,44,De 40 a 44 años,Hombre,CHIMBORAZO,ECUADOR
17015000323002,CENTRO HISTORICO,San Roque,204,Jefe/a de Hogar,72,De 70 a 74 años,Hombre,IMBABURA,ECUADOR
17015000122903,CENTRO HISTORICO,San Roque,205,Jefe/a de Hogar,45,De 45 a 49 años,Hombre,AZUAY,ECUADOR
17015000222901,CENTRO HISTORICO,San Roque,206,Jefe/a de Hogar,37,De 35 a 39 años,Hombre,CHIMBORAZO,ECUADOR
17015000122902,CENTRO HISTORICO,San Roque,207,Jefe/a de Hogar,23,De 20 a 24 años,Hombre,CHIMBORAZO,ECUADOR
17015000122901,CENTRO HISTORICO,San Roque,208,Jefe/a de Hogar,26,De 25 a 29 años,Hombre,PICHINCHA,ECUADOR
17015000223104,CENTRO HISTORICO,San Roque,209,Jefe/a de Hogar,47,De 45 a 49 años,Mujer,AZUAY,ECUADOR
17015000223103,CENTRO HISTORICO,San Roque,210,Jefe/a de Hogar,28,De 25 a 29 años,Hombre,BOLÍVAR,ECUADOR
17015000223105,CENTRO HISTORICO,San Roque,211,Jefe/a de Hogar,29,De 25 a 29 años,Hombre,CHIMBORAZO,ECUADOR
17015000523101,CENTRO HISTORICO,San Roque,212,Jefe/a de Hogar,35,De 35 a 39 años,Mujer,GUAYAS,ECUADOR
17015000523102,CENTRO HISTORICO,San Roque,213,Jefe/a de Hogar,42,De 40 a 44 años,Hombre,PICHINCHA,ECUADOR
17015000523103,CENTRO HISTORICO,San Roque,214,Jefe/a de Hogar,48,De 45 a 49 años,Hombre,CHIMBORAZO,ECUADOR
17015000623101,CENTRO HISTORICO,San Roque,215,Jefe/a de Hogar,67,De 65 a 69 años,Hombre,CHIMBORAZO,ECUADOR
17015000323101,CENTRO HISTORICO,San Roque,216,Jefe/a de Hogar,48,De 45 a 49 años,Hombre,PICHINCHA,ECUADOR
17015000323102,CENTRO HISTORICO,San Roque,217,Jefe/a de Hogar,42,De 40 a 44 años,Hombre,PICHINCHA,ECUADOR
17015000323103,CENTRO HISTORICO,San Roque,218,Jefe/a de Hogar,38,De 35 a 39 años,Hombre,PICHINCHA,ECUADOR
17015000323104,CENTRO HISTORICO,San Roque,219,Jefe/a de Hogar,53,De 50 a 54 años,Mujer,AZUAY,ECUADOR
17015000423101,CENTRO HISTORICO,San Roque,220,Jefe/a de Hogar,35,De 35 a 39 años,Hombre,CHIMBORAZO,ECUADOR
17015000423102,CENTRO HISTORICO,San Roque,221,Jefe/a de Hogar,49,De 45 a 49 años,Hombre,PICHINCHA,ECUADOR
17015000423103,CENTRO HISTORICO,San Roque,222,Jefe/a de Hogar,45,De 45 a 49 años,Hombre,CHIMBORAZO,ECUADOR
17015000423104,CENTRO HISTORICO,San Roque,223,Jefe/a de Hogar,30,De 30 a 34 años,Hombre,LOJA,ECUADOR
17015000423105,CENTRO HISTORICO,San Roque,224,Jefe/a de Hogar,47,De 45 a 49 años,Hombre,PICHINCHA,ECUADOR
17015000423106,CENTRO HISTORICO,San Roque,225,Jefe/a de Hogar,70,De 70 a 74 años,Hombre,CHIMBORAZO,ECUADOR
17015000419201,CENTRO HISTORICO,Argentina,226,Jefe/a de Hogar,88,De 85 a 89 años,Mujer,PICHINCHA,ECUADOR
17015000519202,CENTRO HISTORICO,Argentina,227,Jefe/a de Hogar,65,De 65 a 69 años,Mujer,CHIMBORAZO,ECUADOR
17015000519201,CENTRO HISTORICO,Argentina,228,Jefe/a de Hogar,50,De 50 a 54 años,Hombre,PICHINCHA,ECUADOR
17015000319204,CENTRO HISTORICO,Argentina,229,Jefe/a de Hogar,68,De 65 a 69 años,Hombre,LOJA,ECUADOR
17015000219301,CENTRO HISTORICO,Argentina,230,Jefe/a de Hogar,65,De 65 a 69 años,Hombre,COTOPAXI,ECUADOR
17015000219302,CENTRO HISTORICO,Argentina,231,Jefe/a de Hogar,90,De 90 años y mas,Mujer,CHIMBORAZO,ECUADOR
17015000219303,CENTRO HISTORICO,Argentina,232,Jefe/a de Hogar,40,De 40 a 44 años,Hombre,PICHINCHA,ECUADOR
17015000219304,CENTRO HISTORICO,Argentina,233,Jefe/a de Hogar,78,De 75 a 79 años,Hombre,CHIMBORAZO,ECUADOR
17015000319205,CENTRO HISTORICO,Argentina,234,Jefe/a de Hogar,34,De 30 a 34 años,Hombre,PICHINCHA,ECUADOR
17015000319206,CENTRO HISTORICO,Argentina,235,Jefe/a de Hogar,54,De 50 a 54 años,Hombre,IMBABURA,ECUADOR
17015000319200,CENTRO HISTORICO,Argentina,236,Jefe/a de Hogar,71,De 70 a 74 años,Hombre,PICHINCHA,ECUADOR
17015000222101,CENTRO HISTORICO,La Loma,237,Jefe/a de Hogar,23,De 20 a 24 años,Mujer,LOS RÍOS,ECUADOR
17015001122403,CENTRO HISTORICO,La Loma,238,Jefe/a de Hogar,47,De 45 a 49 años,Mujer,MANABI,ECUADOR
17015000421901,CENTRO HISTORICO,La Loma,239,Jefe/a de Hogar,54,De 50 a 54 años,Mujer,PASTAZA,ECUADOR
17015000521901,CENTRO HISTORICO,La Loma,240,Jefe/a de Hogar,75,De 75 a 79 años,Hombre,PICHINCHA,ECUADOR
17015001222401,CENTRO HISTORICO,La Loma,241,Jefe/a de Hogar,43,De 40 a 44 años,Mujer,PICHINCHA,ECUADOR
17015000222102,CENTRO HISTORICO,La Loma,242,Jefe/a de Hogar,60,De 60 a 64 años,Mujer,COTOPAXI,ECUADOR
17015000122101,CENTRO HISTORICO,La Loma,243,Jefe/a de Hogar,44,De 40 a 44 años,Hombre,PICHINCHA,ECUADOR
17015000222001,CENTRO HISTORICO,La Loma,244,Jefe/a de Hogar,53,De 50 a 54 años,Hombre,MANABI,ECUADOR
17015000222002,CENTRO HISTORICO,La Loma,245,Jefe/a de Hogar,59,De 55 a 59 años,Hombre,PICHINCHA,ECUADOR
17015000222003,CENTRO HISTORICO,La Loma,246,Jefe/a de Hogar,33,De 30 a 34 años,Hombre,PICHINCHA,ECUADOR
17015000322001,CENTRO HISTORICO,La Loma,247,Jefe/a de Hogar,76,De 75 a 79 años,Hombre,AZUAY,ECUADOR
17015000222004,CENTRO HISTORICO,La Loma,248,Jefe/a de Hogar,41,De 40 a 44 años,Hombre,PICHINCHA,ECUADOR
17015000322003,CENTRO HISTORICO,La Loma,249,Jefe/a de Hogar,72,De 70 a 74 años,Hombre,OTRO PAIS,ARGENTINA
17015000322002,CENTRO HISTORICO,La Loma,250,Jefe/a de Hogar,52,De 50 a 54 años,Mujer,PICHINCHA,ECUADOR
17015000422001,CENTRO HISTORICO,La Loma,251,Jefe/a de Hogar,47,De 45 a 49 años,Hombre,MANABI,ECUADOR
17015000422002,CENTRO HISTORICO,La Loma,252,Jefe/a de Hogar,64,De 60 a 64 años,Hombre,CHIMBORAZO,ECUADOR
17015001222101,CENTRO HISTORICO,La Loma,253,Jefe/a de Hogar,20,De 20 a 24 años,Hombre,MORONA SANTIAGO,ECUADOR
17015000522002,CENTRO HISTORICO,La Loma,254,Jefe/a de Hogar,21,De 20 a 24 años,Hombre,PICHINCHA,ECUADOR
17015000422003,CENTRO HISTORICO,La Loma,255,Jefe/a de Hogar,42,De 40 a 44 años,Hombre,COTOPAXI,ECUADOR
17015000522001,CENTRO HISTORICO,La Loma,256,Jefe/a de Hogar,44,De 40 a 44 años,Mujer,ORELLANA,ECUADOR
17015000922001,CENTRO HISTORICO,La Loma,257,Jefe/a de Hogar,52,De 50 a 54 años,Hombre,PICHINCHA,ECUADOR
17015000822002,CENTRO HISTORICO,La Loma,258,Jefe/a de Hogar,27,De 25 a 29 años,Mujer,MANABI,ECUADOR
17015000822001,CENTRO HISTORICO,La Loma,259,Jefe/a de Hogar,53,De 50 a 54 años,Mujer,PICHINCHA,ECUADOR
17015000522003,CENTRO HISTORICO,La Loma,260,Jefe/a de Hogar,46,De 45 a 49 años,Mujer,CHIMBORAZO,ECUADOR
17015000622001,CENTRO HISTORICO,La Loma,261,Jefe/a de Hogar,70,De 70 a 74 años,Hombre,PICHINCHA,ECUADOR
17015001222102,CENTRO HISTORICO,La Loma,262,Jefe/a de Hogar,50,De 50 a 54 años,Hombre,PICHINCHA,ECUADOR
17015000622002,CENTRO HISTORICO,La Loma,263,Jefe/a de Hogar,42,De 40 a 44 años,Mujer,PICHINCHA,ECUADOR
17015000922002,CENTRO HISTORICO,La Loma,264,Jefe/a de Hogar,65,De 65 a 69 años,Mujer,PICHINCHA,ECUADOR
17015000722001,CENTRO HISTORICO,La Loma,265,Jefe/a de Hogar,54,De 50 a 54 años,Hombre,PICHINCHA,ECUADOR
17015000722002,CENTRO HISTORICO,La Loma,266,Jefe/a de Hogar,36,De 35 a 39 años,Hombre,OTRO PAIS,CUBA
17015000722003,CENTRO HISTORICO,La Loma,267,Jefe/a de Hogar,38,De 35 a 39 años,Hombre,PICHINCHA,ECUADOR
17015000822003,CENTRO HISTORICO,La Loma,268,Jefe/a de Hogar,29,De 25 a 29 años,Hombre,PICHINCHA,ECUADOR
17015000822004,CENTRO HISTORICO,La Loma,269,Jefe/a de Hogar,63,De 60 a 64 años,Hombre,PICHINCHA,ECUADOR
17015000922201,CENTRO HISTORICO,La Tola,270,Jefe/a de Hogar,63,De 60 a 64 años,Hombre,PICHINCHA,ECUADOR
17015000822201,CENTRO HISTORICO,La Tola,271,Jefe/a de Hogar,53,De 50 a 54 años,Hombre,PICHINCHA,ECUADOR
17015000722201,CENTRO HISTORICO,La Tola,272,Cónyuge/conviviente,37,De 35 a 39 años,Mujer,BOLÍVAR,ECUADOR
17015001122101,CENTRO HISTORICO,La Tola,273,Hijo/Hija,28,De 25 a 29 años,Mujer,PICHINCHA,ECUADOR
17015000622201,CENTRO HISTORICO,La Tola,274,Padre/madre,87,De 85 a 89 años,Mujer,PICHINCHA,ECUADOR
17015001022101,CENTRO HISTORICO,La Tola,275,Cónyuge/conviviente,33,De 30 a 34 años,Mujer,PICHINCHA,ECUADOR
17015001122302,CENTRO HISTORICO,La Tola,276,Hijo/Hija,43,De 40 a 44 años,Mujer,PICHINCHA,ECUADOR
17015000522202,CENTRO HISTORICO,La Tola,277,Cónyuge/conviviente,44,De 40 a 44 años,Mujer,PICHINCHA,ECUADOR
17015000522201,CENTRO HISTORICO,La Tola,278,Hijo/Hija,28,De 25 a 29 años,Hombre,PICHINCHA,ECUADOR
17015000222213,CENTRO HISTORICO,La Tola,279,Hijo/Hija,55,De 55 a 59 años,Mujer,PICHINCHA,ECUADOR
17015000222209,CENTRO HISTORICO,La Tola,280,Cónyuge/conviviente,40,De 40 a 44 años,Mujer,PICHINCHA,ECUADOR
17015000422201,CENTRO HISTORICO,La Tola,281,Cónyuge/conviviente,35,De 35 a 39 años,Mujer,OTRO PAIS,COLOMBIA
17015001122301,CENTRO HISTORICO,La Tola,282,Hermano/a,29,De 25 a 29 años,Mujer,PICHINCHA,ECUADOR
17015001022301,CENTRO HISTORICO,La Tola,283,Hijo/Hija,36,De 35 a 39 años,Hombre,CARCHI,ECUADOR
17015000919302,CENTRO HISTORICO,La Tola,284,Cónyuge/conviviente,70,De 70 a 74 años,Mujer,TUNGURAHUA,ECUADOR
17015000222208,CENTRO HISTORICO,La Tola,285,Cónyuge/conviviente,53,De 50 a 54 años,Mujer,PICHINCHA,ECUADOR
17015000322201,CENTRO HISTORICO,La Tola,286,Hijo/Hija,7,De 5 a 9 años,Hombre,MANABI,ECUADOR
17015000922302,CENTRO HISTORICO,La Tola,287,Cónyuge/conviviente,75,De 75 a 79 años,Mujer,PICHINCHA,ECUADOR
17015000222204,CENTRO HISTORICO,La Tola,288,Cónyuge/conviviente,26,De 25 a 29 años,Mujer,IMBABURA,ECUADOR
17015000222210,CENTRO HISTORICO,La Tola,289,Cónyuge/conviviente,61,De 60 a 64 años,Mujer,CHIMBORAZO,ECUADOR
17015000222207,CENTRO HISTORICO,La Tola,290,Padre/madre,100,De 90 años y mas,Mujer,PICHINCHA,ECUADOR
17015000222216,CENTRO HISTORICO,La Tola,291,Cónyuge/conviviente,20,De 20 a 24 años,Mujer,TUNGURAHUA,ECUADOR
17015000222217,CENTRO HISTORICO,La Tola,292,Cónyuge/conviviente,28,De 25 a 29 años,Mujer,MANABI,ECUADOR
17015000222218,CENTRO HISTORICO,La Tola,293,Hijo/Hija,33,De 30 a 34 años,Hombre,CAÑAR,ECUADOR
17015000222211,CENTRO HISTORICO,La Tola,294,Hijo/Hija,18,De 15 a 19 años,Hombre,PICHINCHA,ECUADOR
17015000222212,CENTRO HISTORICO,La Tola,295,Cónyuge/conviviente,32,De 30 a 34 años,Mujer,PICHINCHA,ECUADOR
17015000222213,CENTRO HISTORICO,La Tola,296,Cónyuge/conviviente,46,De 45 a 49 años,Mujer,PICHINCHA,ECUADOR
17015000222214,CENTRO HISTORICO,La Tola,297,Cónyuge/conviviente,39,De 35 a 39 años,Mujer,PICHINCHA,ECUADOR
17015000222215,CENTRO HISTORICO,La Tola,298,Hermano/a,64,De 60 a 64 años,Hombre,PICHINCHA,ECUADOR
17015000319208,CENTRO HISTORICO,San Blas,299,Hijo/Hija,22,De 20 a 24 años,Hombre,PICHINCHA,ECUADOR
17015000322301,CENTRO HISTORICO,San Blas,300,Hijo/Hija,23,De 20 a 24 años,Mujer,LOJA,ECUADOR
17015000222301,CENTRO HISTORICO,San Blas,301,Cónyuge/conviviente,46,De 45 a 49 años,Mujer,LOS RÍOS,ECUADOR
17015000622301,CENTRO HISTORICO,San Blas,302,Cónyuge/conviviente,40,De 40 a 44 años,Mujer,PICHINCHA,ECUADOR
17015000722301,CENTRO HISTORICO,San Blas,303,Hijo/Hija,25,De 25 a 29 años,Hombre,PICHINCHA,ECUADOR
17015000822301,CENTRO HISTORICO,San Blas,304,Otros parientes,28,De 25 a 29 años,Hombre,LOJA,ECUADOR
17015000922301,CENTRO HISTORICO,San Blas,305,Hijo/Hija,12,De 10 a 14 años,Mujer,PICHINCHA,ECUADOR
17015000722302,CENTRO HISTORICO,San Blas,306,Cónyuge/conviviente,68,De 65 a 69 años,Mujer,TUNGURAHUA,ECUADOR
17015000522304,CENTRO HISTORICO,San Blas,307,Cónyuge/conviviente,34,De 30 a 34 años,Mujer,LOJA,ECUADOR
17015000522303,CENTRO HISTORICO,San Blas,308,Hijo/Hija,44,De 40 a 44 años,Hombre,PICHINCHA,ECUADOR
17015000522302,CENTRO HISTORICO,San Blas,309,Cónyuge/conviviente,44,De 40 a 44 años,Mujer,COTOPAXI,ECUADOR
17015000522301,CENTRO HISTORICO,San Blas,310,Cónyuge/conviviente,39,De 35 a 39 años,Mujer,NAPO,ECUADOR
17015000222302,CENTRO HISTORICO,San Blas,311,Cónyuge/conviviente,36,De 35 a 39 años,Mujer,CHIMBORAZO,ECUADOR
17015000422301,CENTRO HISTORICO,San Blas,312,Hijo/Hija,26,De 25 a 29 años,Hombre,PICHINCHA,ECUADOR
17015000622304,CENTRO HISTORICO,San Blas,313,Cónyuge/conviviente,38,De 35 a 39 años,Mujer,LOJA,ECUADOR
17015000622302,CENTRO HISTORICO,San Blas,314,Cónyuge/conviviente,65,De 65 a 69 años,Mujer,CHIMBORAZO,ECUADOR
17015000622303,CENTRO HISTORICO,San Blas,315,Cónyuge/conviviente,73,De 70 a 74 años,Mujer,PICHINCHA,ECUADOR
17015000622304,CENTRO HISTORICO,San Blas,316,Hijo/Hija,11,De 10 a 14 años,Mujer,PICHINCHA,ECUADOR
17015000622305,CENTRO HISTORICO,San Blas,317,Cónyuge/conviviente,24,De 20 a 24 años,Mujer,PICHINCHA,ECUADOR
17015000222201,CENTRO HISTORICO,San Blas,318,Hermano/a,53,De 50 a 54 años,Mujer,PICHINCHA,ECUADOR
17015000222202,CENTRO HISTORICO,San Blas,319,Cónyuge/conviviente,44,De 40 a 44 años,Mujer,COTOPAXI,ECUADOR
17015000222203,CENTRO HISTORICO,San Blas,320,Hijo/Hija,22,De 20 a 24 años,Hombre,PICHINCHA,ECUADOR
17015000322403,CENTRO HISTORICO,San Blas,321,Cónyuge/conviviente,41,De 40 a 44 años,Mujer,MANABI,ECUADOR
17015000322402,CENTRO HISTORICO,San Blas,322,Hijo/Hija,38,De 35 a 39 años,Mujer,PICHINCHA,ECUADOR
17015000422401,CENTRO HISTORICO,San Blas,323,Cónyuge/conviviente,36,De 35 a 39 años,Mujer,PICHINCHA,ECUADOR
17015000422402,CENTRO HISTORICO,San Blas,324,Cónyuge/conviviente,40,De 40 a 44 años,Mujer,CHIMBORAZO,ECUADOR
17015000222206,CENTRO HISTORICO,San Blas,325,Cónyuge/conviviente,53,De 50 a 54 años,Mujer,AZUAY,ECUADOR
17015000222205,CENTRO HISTORICO,San Blas,326,Hijo/Hija,33,De 30 a 34 años,Hombre,PICHINCHA,ECUADOR
17015000122401,CENTRO HISTORICO,San Blas,327,Cónyuge/conviviente,25,De 25 a 29 años,Mujer,PICHINCHA,ECUADOR
17015000122301,CENTRO HISTORICO,San Blas,328,Cónyuge/conviviente,40,De 40 a 44 años,Mujer,AZUAY,ECUADOR
17015000522403,CENTRO HISTORICO,La Marin,329,Cónyuge/conviviente,53,De 50 a 54 años,Mujer,COTOPAXI,ECUADOR
17015000722408,CENTRO HISTORICO,La Marin,330,Hermano/a,72,De 70 a 74 años,Mujer,PICHINCHA,ECUADOR
17015000722409,CENTRO HISTORICO,La Marin,331,Padre/madre,80,De 80 a 84 años,Hombre,OTRO PAIS,ITALIA
17015000722410,CENTRO HISTORICO,La Marin,332,Hijo/Hija,28,De 25 a 29 años,Hombre,PICHINCHA,ECUADOR
17015000722411,CENTRO HISTORICO,La Marin,333,Cónyuge/conviviente,48,De 45 a 49 años,Mujer,CHIMBORAZO,ECUADOR
17015000918601,CENTRO HISTORICO,El Placer,334,Cónyuge/conviviente,37,De 35 a 39 años,Mujer,IMBABURA,ECUADOR
17015000518602,CENTRO HISTORICO,El Placer,335,Cónyuge/conviviente,49,De 45 a 49 años,Mujer,IMBABURA,ECUADOR
17015000518606,CENTRO HISTORICO,El Placer,336,Cónyuge/conviviente,36,De 35 a 39 años,Mujer,PICHINCHA,ECUADOR
17015000518604,CENTRO HISTORICO,El Placer,337,Hijo/Hija,42,De 40 a 44 años,Mujer,PICHINCHA,ECUADOR
17015001118404,CENTRO HISTORICO,El Placer,338,Hermano/a,63,De 60 a 64 años,Hombre,PICHINCHA,ECUADOR
17015001118403,CENTRO HISTORICO,El Placer,339,Hijo/Hija,26,De 25 a 29 años,Mujer,PICHINCHA,ECUADOR
17015000518605,CENTRO HISTORICO,El Placer,340,Cónyuge/conviviente,23,De 20 a 24 años,Mujer,PICHINCHA,ECUADOR
17015001118405,CENTRO HISTORICO,El Placer,341,Cónyuge/conviviente,55,De 55 a 59 años,Mujer,PICHINCHA,ECUADOR
17015000518601,CENTRO HISTORICO,El Placer,342,Hijo/Hija,18,De 15 a 19 años,Hombre,PICHINCHA,ECUADOR
1701500052260311,CENTRO HISTORICO,,343,Hijo/Hija,15,De 15 a 19 años,Mujer,PICHINCHA,ECUADOR
1701500052260315,CENTRO HISTORICO,,344,Cónyuge/conviviente,57,De 55 a 59 años,Mujer,PICHINCHA,ECUADOR
1701500062240102,CENTRO HISTORICO,,345,Cónyuge/conviviente,71,De 70 a 74 años,Mujer,AZUAY,ECUADOR
1701500062240103,CENTRO HISTORICO,,346,Cónyuge/conviviente,60,De 60 a 64 años,Mujer,PICHINCHA,ECUADOR
1701500062240101,CENTRO HISTORICO,,347,Cónyuge/conviviente,42,De 40 a 44 años,Mujer,PICHINCHA,ECUADOR
1701500062240104,CENTRO HISTORICO,,348,Hijo/Hija,18,De 15 a 19 años,Hombre,PICHINCHA,ECUADOR
1701500062240106,CENTRO HISTORICO,,349,Hijo/Hija,42,De 40 a 44 años,Mujer,PICHINCHA,ECUADOR
1701500062240403,CENTRO HISTORICO,,350,Cónyuge/conviviente,43,De 40 a 44 años,Mujer,CHIMBORAZO,ECUADOR
1701500062240404,CENTRO HISTORICO,,351,Hijo/Hija,43,De 40 a 44 años,Mujer,PICHINCHA,ECUADOR
1701500062240402,CENTRO HISTORICO,,352,Cónyuge/conviviente,65,De 65 a 69 años,Hombre,TUNGURAHUA,ECUADOR
1701500062240401,CENTRO HISTORICO,,353,Cónyuge/conviviente,70,De 70 a 74 años,Mujer,BOLÍVAR,ECUADOR
1701500072240104,CENTRO HISTORICO,,354,Cónyuge/conviviente,47,De 45 a 49 años,Mujer,PICHINCHA,ECUADOR
1701500072240101,CENTRO HISTORICO,,355,Cónyuge/conviviente,43,De 40 a 44 años,Mujer,PICHINCHA,ECUADOR
1701500072240105,CENTRO HISTORICO,,356,Cónyuge/conviviente,69,De 65 a 69 años,Mujer,TUNGURAHUA,ECUADOR
1701500072240103,CENTRO HISTORICO,,357,Cónyuge/conviviente,60,De 60 a 64 años,Mujer,PICHINCHA,ECUADOR
1701500072240202,CENTRO HISTORICO,,358,Hermano/a,48,De 45 a 49 años,Mujer,PICHINCHA,ECUADOR
1701500072240303,CENTRO HISTORICO,,359,Cónyuge/conviviente,36,De 35 a 39 años,Mujer,SANTO DOMINGO,ECUADOR
1701500072240806,CENTRO HISTORICO,,360,Cónyuge/conviviente,48,De 45 a 49 años,Mujer,PICHINCHA,ECUADOR
1701500072240805,CENTRO HISTORICO,,361,Cónyuge/conviviente,39,De 35 a 39 años,Mujer,ORELLANA,ECUADOR
1701500072240801,CENTRO HISTORICO,,362,Cónyuge/conviviente,35,De 35 a 39 años,Mujer,PICHINCHA,ECUADOR
1701500072240802,CENTRO HISTORICO,,363,Cónyuge/conviviente,77,De 75 a 79 años,Mujer,PICHINCHA,ECUADOR
1701500072240803,CENTRO HISTORICO,,364,Cónyuge/conviviente,59,De 55 a 59 años,Mujer,PICHINCHA,ECUADOR
1701500072241103,CENTRO HISTORICO,,365,Cónyuge/conviviente,31,De 30 a 34 años,Mujer,PICHINCHA,ECUADOR
1701500072241107,CENTRO HISTORICO,,366,Cónyuge/conviviente,35,De 35 a 39 años,Mujer,PICHINCHA,ECUADOR
1701500072241109,CENTRO HISTORICO,,367,Cónyuge/conviviente,36,De 35 a 39 años,Mujer,IMBABURA,ECUADOR
1701500072241106,CENTRO HISTORICO,,368,Otros no parientes,60,De 60 a 64 años,Mujer,PICHINCHA,ECUADOR
1701500072241102,CENTRO HISTORICO,,369,Cónyuge/conviviente,54,De 50 a 54 años,Mujer,CHIMBORAZO,ECUADOR
1701500072241105,CENTRO HISTORICO,,370,Cónyuge/conviviente,50,De 50 a 54 años,Mujer,PICHINCHA,ECUADOR
1701500072241101,CENTRO HISTORICO,,371,Cónyuge/conviviente,65,De 65 a 69 años,Mujer,PICHINCHA,ECUADOR
1701500072241116,CENTRO HISTORICO,,372,Cónyuge/conviviente,26,De 25 a 29 años,Mujer,MANABI,ECUADOR
1701500072241119,CENTRO HISTORICO,,373,Hijo/Hija,22,De 20 a 24 años,Mujer,PICHINCHA,ECUADOR
1701500072241118,CENTRO HISTORICO,,374,Cónyuge/conviviente,25,De 25 a 29 años,Mujer,CHIMBORAZO,ECUADOR
1701500072241113,CENTRO HISTORICO,,375,Hijo/Hija,55,De 55 a 59 años,Mujer,PICHINCHA,ECUADOR
1701500072241112,CENTRO HISTORICO,,376,Cónyuge/conviviente,46,De 45 a 49 años,Mujer,PICHINCHA,ECUADOR
1701500072241111,CENTRO HISTORICO,,377,Hijo/Hija,65,De 65 a 69 años,Mujer,PICHINCHA,ECUADOR
1701500082240101,CENTRO HISTORICO,,378,Hijo/Hija,25,De 25 a 29 años,Hombre,PICHINCHA,ECUADOR
1701500082240105,CENTRO HISTORICO,,379,Hijo/Hija,24,De 20 a 24 años,Mujer,PICHINCHA,ECUADOR
1701500082240106,CENTRO HISTORICO,,380,Cónyuge/conviviente,36,De 35 a 39 años,Mujer,LOJA,ECUADOR
1701500082240104,CENTRO HISTORICO,,381,Cónyuge/conviviente,77,De 75 a 79 años,Mujer,BOLÍVAR,ECUADOR
1701500082240109,CENTRO HISTORICO,,382,Hijo/Hija,31,De 30 a 34 años,Hombre,IMBABURA,ECUADOR
1701500082240110,CENTRO HISTORICO,,383,Hijo/Hija,18,De 15 a 19 años,Hombre,PICHINCHA,ECUADOR
1701500082240203,CENTRO HISTORICO,,384,Cónyuge/conviviente,76,De 75 a 79 años,Hombre,CARCHI,ECUADOR
1701500082240201,CENTRO HISTORICO,,385,Cónyuge/conviviente,52,De 50 a 54 años,Mujer,CHIMBORAZO,ECUADOR
1701500082240603,CENTRO HISTORICO,,386,Cónyuge/conviviente,60,De 60 a 64 años,Mujer,ORELLANA,ECUADOR
1701500082240701,CENTRO HISTORICO,,387,Cónyuge/conviviente,32,De 30 a 34 años,Mujer,OTRO PAIS,COLOMBIA
1701500082240705,CENTRO HISTORICO,,388,Hijo/Hija,28,De 25 a 29 años,Mujer,PICHINCHA,ECUADOR
1701500082240706,CENTRO HISTORICO,,389,Cónyuge/conviviente,38,De 35 a 39 años,Mujer,AZUAY,ECUADOR
1701500082240702,CENTRO HISTORICO,,390,Cónyuge/conviviente,27,De 25 a 29 años,Mujer,TUNGURAHUA,ECUADOR
1701500082240709,CENTRO HISTORICO,,391,Hijo/Hija,22,De 20 a 24 años,Mujer,PICHINCHA,ECUADOR
1701500082240707,CENTRO HISTORICO,,392,Cónyuge/conviviente,42,De 40 a 44 años,Mujer,PICHINCHA,ECUADOR
1701500082240708,CENTRO HISTORICO,,393,Cónyuge/conviviente,60,De 60 a 64 años,Mujer,PICHINCHA,ECUADOR
1701500082240703,CENTRO HISTORICO,,394,Cónyuge/conviviente,58,De 55 a 59 años,Mujer,PICHINCHA,ECUADOR
1701500082240704,CENTRO HISTORICO,,395,Cónyuge/conviviente,66,De 65 a 69 años,Mujer,AZUAY,ECUADOR
1701500082241001,CENTRO HISTORICO,,396,Cónyuge/conviviente,35,De 35 a 39 años,Mujer,PICHINCHA,ECUADOR
1701500092240103,CENTRO HISTORICO,,397,Cónyuge/conviviente,69,De 65 a 69 años,Mujer,AZUAY,ECUADOR
1701500092240106,CENTRO HISTORICO,,398,Cónyuge/conviviente,53,De 50 a 54 años,Mujer,SANTO DOMINGO,ECUADOR
1701500092240107,CENTRO HISTORICO,,399,Cónyuge/conviviente,79,De 75 a 79 años,Mujer,COTOPAXI,ECUADOR
1701500092240101,CENTRO HISTORICO,,400,Hijo/Hija,35,De 35 a 39 años,Mujer,PICHINCHA,ECUADOR
1701500092240102,CENTRO HISTORICO,,401,Cónyuge/conviviente,38,De 35 a 39 años,Mujer,CARCHI,ECUADOR
1701500092240104,CENTRO HISTORICO,,402,Cónyuge/conviviente,65,De 65 a 69 años,Mujer,PICHINCHA,ECUADOR
1701500092240204,CENTRO HISTORICO,,403,Hijo/Hija,19,De 15 a 19 años,Hombre,PICHINCHA,ECUADOR
1701500092240201,CENTRO HISTORICO,,404,Hijo/Hija,40,De 40 a 44 años,Mujer,OTRO PAIS,COLOMBIA
1701500092240203,CENTRO HISTORICO,,405,Cónyuge/conviviente,49,De 45 a 49 años,Mujer,PICHINCHA,ECUADOR
1701500092240306,CENTRO HISTORICO,,406,Cónyuge/conviviente,74,De 70 a 74 años,Mujer,PICHINCHA,ECUADOR
1701500092240305,CENTRO HISTORICO,,407,Cónyuge/conviviente,48,De 45 a 49 años,Mujer,GUAYAS,ECUADOR
1701500092240308,CENTRO HISTORICO,,408,Cónyuge/conviviente,35,De 35 a 39 años,Mujer,PICHINCHA,ECUADOR
1701500092240309,CENTRO HISTORICO,,409,Cónyuge/conviviente,66,De 65 a 69 años,Mujer,TUNGURAHUA,ECUADOR
1701500092240307,CENTRO HISTORICO,,410,Cónyuge/conviviente,38,De 35 a 39 años,Mujer,PICHINCHA,ECUADOR
1701500092240502,CENTRO HISTORICO,,411,Hijo/Hija,22,De 20 a 24 años,Hombre,PICHINCHA,ECUADOR
1701500092240509,CENTRO HISTORICO,,412,Cónyuge/conviviente,31,De 30 a 34 años,Mujer,PICHINCHA,ECUADOR
1701500092240503,CENTRO HISTORICO,,413,Cónyuge/conviviente,51,De 50 a 54 años,Mujer,GUAYAS,ECUADOR
1701500092240504,CENTRO HISTORICO,,414,Cónyuge/conviviente,58,De 55 a 59 años,Mujer,CHIMBORAZO,ECUADOR
1701500092240508,CENTRO HISTORICO,,415,Cónyuge/conviviente,26,De 25 a 29 años,Mujer,CHIMBORAZO,ECUADOR
1701500092240507,CENTRO HISTORICO,,416,Cónyuge/conviviente,48,De 45 a 49 años,Mujer,BOLÍVAR,ECUADOR
1701500092240506,CENTRO HISTORICO,,417,Cónyuge/conviviente,75,De 75 a 79 años,Mujer,CHIMBORAZO,ECUADOR
1701500092240512,CENTRO HISTORICO,,418,Cónyuge/conviviente,78,De 75 a 79 años,Mujer,PICHINCHA,ECUADOR
1701500092240513,CENTRO HISTORICO,,419,Cónyuge/conviviente,78,De 75 a 79 años,Mujer,PICHINCHA,ECUADOR
1701500092240516,CENTRO HISTORICO,,420,Hijo/Hija,20,De 20 a 24 años,Mujer,PICHINCHA,ECUADOR
1701500092240511,CENTRO HISTORICO,,421,Cónyuge/conviviente,45,De 45 a 49 años,Mujer,CHIMBORAZO,ECUADOR
1701500092240514,CENTRO HISTORICO,,422,Cónyuge/conviviente,69,De 65 a 69 años,Mujer,IMBABURA,ECUADOR
1701500092240515,CENTRO HISTORICO,,423,Cónyuge/conviviente,37,De 35 a 39 años,Mujer,PICHINCHA,ECUADOR
1701500092240510,CENTRO HISTORICO,,424,Cónyuge/conviviente,37,De 35 a 39 años,Mujer,CHIMBORAZO,ECUADOR
1701500092260209,CENTRO HISTORICO,,425,Cónyuge/conviviente,24,De 20 a 24 años,Mujer,CHIMBORAZO,ECUADOR
1701500092260203,CENTRO HISTORICO,,426,Hijo/Hija,16,De 15 a 19 años,Hombre,LOJA,ECUADOR
1701500092260202,CENTRO HISTORICO,,427,Cónyuge/conviviente,27,De 25 a 29 años,Mujer,BOLÍVAR,ECUADOR
1701500092260207,CENTRO HISTORICO,,428,Cónyuge/conviviente,31,De 30 a 34 años,Mujer,CHIMBORAZO,ECUADOR
1701500092260201,CENTRO HISTORICO,,429,Hijo/Hija,16,De 15 a 19 años,Mujer,GUAYAS,ECUADOR
1701500092260205,CENTRO HISTORICO,,430,Cónyuge/conviviente,42,De 40 a 44 años,Mujer,PICHINCHA,ECUADOR
1701500092260208,CENTRO HISTORICO,,431,Cónyuge/conviviente,45,De 45 a 49 años,Mujer,CHIMBORAZO,ECUADOR
1701500092260206,CENTRO HISTORICO,,432,Cónyuge/conviviente,63,De 60 a 64 años,Mujer,LOJA,ECUADOR
1701500092260214,CENTRO HISTORICO,,433,Cónyuge/conviviente,48,De 45 a 49 años,Mujer,PICHINCHA,ECUADOR
1701500092260215,CENTRO HISTORICO,,434,Cónyuge/conviviente,40,De 40 a 44 años,Mujer,PICHINCHA,ECUADOR
1701500092260216,CENTRO HISTORICO,,435,Cónyuge/conviviente,36,De 35 a 39 años,Mujer,PICHINCHA,ECUADOR
1701500092260211,CENTRO HISTORICO,,436,Hijo/Hija,30,De 30 a 34 años,Mujer,CHIMBORAZO,ECUADOR
1701500092260210,CENTRO HISTORICO,,437,Cónyuge/conviviente,38,De 35 a 39 años,Mujer,CHIMBORAZO,ECUADOR
1701500092260213,CENTRO HISTORICO,,438,Cónyuge/conviviente,47,De 45 a 49 años,Mujer,PICHINCHA,ECUADOR
1701500092260212,CENTRO HISTORICO,,439,Cónyuge/conviviente,39,De 35 a 39 años,Mujer,CHIMBORAZO,ECUADOR
1701500102240101,CENTRO HISTORICO,,440,Cónyuge/conviviente,49,De 45 a 49 años,Mujer,PICHINCHA,ECUADOR
1701500102240303,CENTRO HISTORICO,,441,Cónyuge/conviviente,66,De 65 a 69 años,Mujer,LOS RÍOS,ECUADOR
1701500102240507,CENTRO HISTORICO,,442,Hijo/Hija,33,De 30 a 34 años,Mujer,PICHINCHA,ECUADOR
1701500102240508,CENTRO HISTORICO,,443,Cónyuge/conviviente,35,De 35 a 39 años,Mujer,CHIMBORAZO,ECUADOR
1701500102240511,CENTRO HISTORICO,,444,Cónyuge/conviviente,70,De 70 a 74 años,Mujer,CHIMBORAZO,ECUADOR
1701500102240605,CENTRO HISTORICO,,445,Cónyuge/conviviente,55,De 55 a 59 años,Mujer,CHIMBORAZO,ECUADOR
1701500102240604,CENTRO HISTORICO,,446,Cónyuge/conviviente,30,De 30 a 34 años,Mujer,PICHINCHA,ECUADOR
1701500102240601,CENTRO HISTORICO,,447,Cónyuge/conviviente,38,De 35 a 39 años,Mujer,PICHINCHA,ECUADOR
1701500102240702,CENTRO HISTORICO,,448,Cónyuge/conviviente,71,De 70 a 74 años,Mujer,PICHINCHA,ECUADOR
1701500102240701,CENTRO HISTORICO,,449,Hijo/Hija,3,De 0 a 4 años,Mujer,PICHINCHA,ECUADOR
1701500102240804,CENTRO HISTORICO,,450,Cónyuge/conviviente,49,De 45 a 49 años,Hombre,ESMERALDAS,ECUADOR
1701500102240803,CENTRO HISTORICO,,451,Hijo/Hija,18,De 15 a 19 años,Hombre,PICHINCHA,ECUADOR
1701500102240806,CENTRO HISTORICO,,452,Cónyuge/conviviente,72,De 70 a 74 años,Mujer,PICHINCHA,ECUADOR
1701500102240809,CENTRO HISTORICO,,453,Hijo/Hija,17,De 15 a 19 años,Hombre,PICHINCHA,ECUADOR
1701500102240805,CENTRO HISTORICO,,454,Hijo/Hija,33,De 30 a 34 años,Mujer,COTOPAXI,ECUADOR
1701500102240802,CENTRO HISTORICO,,455,Cónyuge/conviviente,51,De 50 a 54 años,Mujer,MANABI,ECUADOR
1701500102240801,CENTRO HISTORICO,,456,Cónyuge/conviviente,55,De 55 a 59 años,Mujer,PICHINCHA,ECUADOR
1701500102240807,CENTRO HISTORICO,,457,Cónyuge/conviviente,20,De 20 a 24 años,Mujer,ESMERALDAS,ECUADOR
1701500102240811,CENTRO HISTORICO,,458,Cónyuge/conviviente,70,De 70 a 74 años,Mujer,AZUAY,ECUADOR
1701500102240814,CENTRO HISTORICO,,459,Padre/madre,62,De 60 a 64 años,Mujer,PICHINCHA,ECUADOR
1701500102240810,CENTRO HISTORICO,,460,Cónyuge/conviviente,68,De 65 a 69 años,Mujer,PICHINCHA,ECUADOR
1701500102240812,CENTRO HISTORICO,,461,Hijo/Hija,25,De 25 a 29 años,Hombre,PICHINCHA,ECUADOR
1701500102240813,CENTRO HISTORICO,,462,Cónyuge/conviviente,38,De 35 a 39 años,Mujer,MANABI,ECUADOR
1701500112240106,CENTRO HISTORICO,,463,Hijo/Hija,21,De 20 a 24 años,Mujer,PICHINCHA,ECUADOR
1701500112240101,CENTRO HISTORICO,,464,Cónyuge/conviviente,39,De 35 a 39 años,Mujer,SANTO DOMINGO,ECUADOR
1701500112240104,CENTRO HISTORICO,,465,Cónyuge/conviviente,67,De 65 a 69 años,Hombre,PICHINCHA,ECUADOR
1701500112240107,CENTRO HISTORICO,,466,Cónyuge/conviviente,56,De 55 a 59 años,Mujer,PICHINCHA,ECUADOR
1701500112240103,CENTRO HISTORICO,,467,Cónyuge/conviviente,35,De 35 a 39 años,Hombre,MANABI,ECUADOR
1701500112240109,CENTRO HISTORICO,,468,Hijo/Hija,35,De 35 a 39 años,Hombre,PICHINCHA,ECUADOR
1701500112240108,CENTRO HISTORICO,,469,Hijo/Hija,25,De 25 a 29 años,Mujer,PICHINCHA,ECUADOR
1701500112240114,CENTRO HISTORICO,,470,Padre/madre,70,De 70 a 74 años,Mujer,MANABI,ECUADOR
1701500112240110,CENTRO HISTORICO,,471,Hijo/Hija,28,De 25 a 29 años,Hombre,PICHINCHA,ECUADOR
1701500112240112,CENTRO HISTORICO,,472,Hijo/Hija,40,De 40 a 44 años,Hombre,PICHINCHA,ECUADOR
1701500112240111,CENTRO HISTORICO,,473,Cónyuge/conviviente,54,De 50 a 54 años,Mujer,AZUAY,ECUADOR
1701500112240303,CENTRO HISTORICO,,474,Cónyuge/conviviente,36,De 35 a 39 años,Mujer,PICHINCHA,ECUADOR
1701500112240306,CENTRO HISTORICO,,475,Cónyuge/conviviente,25,De 25 a 29 años,Mujer,PICHINCHA,ECUADOR
1701500112240302,CENTRO HISTORICO,,476,Cónyuge/conviviente,62,De 60 a 64 años,Mujer,PICHINCHA,ECUADOR
1701500112240307,CENTRO HISTORICO,,477,Cónyuge/conviviente,53,De 50 a 54 años,Mujer,PICHINCHA,ECUADOR
1701500112240301,CENTRO HISTORICO,,478,Cónyuge/conviviente,50,De 50 a 54 años,Mujer,PICHINCHA,ECUADOR
1701500012220102,CENTRO HISTORICO,,479,Hijo/Hija,27,De 25 a 29 años,Hombre,PICHINCHA,ECUADOR
1701500012220206,CENTRO HISTORICO,,480,Hermano/a,57,De 55 a 59 años,Hombre,PICHINCHA,ECUADOR
1701500012220205,CENTRO HISTORICO,,481,Hijo/Hija,14,De 10 a 14 años,Hombre,PICHINCHA,ECUADOR
1701500012220202,CENTRO HISTORICO,,482,Hijo/Hija,23,De 20 a 24 años,Hombre,COTOPAXI,ECUADOR
1701500012220208,CENTRO HISTORICO,,483,Hijo/Hija,19,De 15 a 19 años,Hombre,PICHINCHA,ECUADOR
1701500012220215,CENTRO HISTORICO,,484,Hijo/Hija,17,De 15 a 19 años,Hombre,PICHINCHA,ECUADOR
1701500022210105,CENTRO HISTORICO,,485,Hijo/Hija,12,De 10 a 14 años,Hombre,PICHINCHA,ECUADOR
1701500022210109,CENTRO HISTORICO,,486,Hijo/Hija,6,De 5 a 9 años,Hombre,OTRO PAIS,COLOMBIA
1701500022210107,CENTRO HISTORICO,,487,Hijo/Hija,23,De 20 a 24 años,Hombre,PICHINCHA,ECUADOR
1701500022210110,CENTRO HISTORICO,,488,Hijo/Hija,3,De 0 a 4 años,Mujer,PICHINCHA,ECUADOR
1701500022220603,CENTRO HISTORICO,,489,Hijo/Hija,3,De 0 a 4 años,Mujer,IMBABURA,ECUADOR
1701500022220601,CENTRO HISTORICO,,490,Hijo/Hija,37,De 35 a 39 años,Hombre,PICHINCHA,ECUADOR
1701500022220901,CENTRO HISTORICO,,491,Hijo/Hija,3,De 0 a 4 años,Mujer,TUNGURAHUA,ECUADOR
1701500022220904,CENTRO HISTORICO,,492,Hijo/Hija,8,De 5 a 9 años,Mujer,MANABI,ECUADOR
1701500022221301,CENTRO HISTORICO,,493,Hijo/Hija,9,De 5 a 9 años,Mujer,PICHINCHA,ECUADOR
1701500022221303,CENTRO HISTORICO,,494,Hijo/Hija,21,De 20 a 24 años,Hombre,PICHINCHA,ECUADOR
1701500022221302,CENTRO HISTORICO,,495,Hijo/Hija,14,De 10 a 14 años,Mujer,PICHINCHA,ECUADOR
1701500042210206,CENTRO HISTORICO,,496,Hijo/Hija,16,De 15 a 19 años,Hombre,PICHINCHA,ECUADOR
1701500042210201,CENTRO HISTORICO,,497,Hijo/Hija,21,De 20 a 24 años,Mujer,LOJA,ECUADOR
1701500042210203,CENTRO HISTORICO,,498,Hijo/Hija,12,De 10 a 14 años,Mujer,PICHINCHA,ECUADOR
1701500042210204,CENTRO HISTORICO,,499,Hijo/Hija,17,De 15 a 19 años,Mujer,PICHINCHA,ECUADOR
1701500042210208,CENTRO HISTORICO,,500,Hijo/Hija,24,De 20 a 24 años,Hombre,PICHINCHA,ECUADOR
1701500042210213,CENTRO HISTORICO,,501,Hijo/Hija,2,De 0 a 4 años,Hombre,LOJA,ECUADOR
1701500042240209,CENTRO HISTORICO,,502,Hijo/Hija,11,De 10 a 14 años,Hombre,PICHINCHA,ECUADOR
1701500042240208,CENTRO HISTORICO,,503,Hijo/Hija,15,De 15 a 19 años,Hombre,PICHINCHA,ECUADOR
1701500042240207,CENTRO HISTORICO,,504,Hijo/Hija,12,De 10 a 14 años,Mujer,PICHINCHA,ECUADOR
1701500042240205,CENTRO HISTORICO,,505,Hijo/Hija,23,De 20 a 24 años,Hombre,PICHINCHA,ECUADOR
1701500042240203,CENTRO HISTORICO,,506,Hijo/Hija,17,De 15 a 19 años,Mujer,PICHINCHA,ECUADOR
1701500042240201,CENTRO HISTORICO,,507,Hijo/Hija,30,De 30 a 34 años,Mujer,PICHINCHA,ECUADOR
1701500042240213,CENTRO HISTORICO,,508,Hijo/Hija,3,De 0 a 4 años,Mujer,PICHINCHA,ECUADOR
1701500042240211,CENTRO HISTORICO,,509,Hijo/Hija,22,De 20 a 24 años,Mujer,PICHINCHA,ECUADOR
1701500052240101,CENTRO HISTORICO,,510,Hijo/Hija,16,De 15 a 19 años,Mujer,MANABI,ECUADOR
1701500052240111,CENTRO HISTORICO,,511,Hijo/Hija,16,De 15 a 19 años,Hombre,PICHINCHA,ECUADOR
1701500052240110,CENTRO HISTORICO,,512,Hijo/Hija,9,De 5 a 9 años,Hombre,PICHINCHA,ECUADOR
1701500052240308,CENTRO HISTORICO,,513,Hijo/Hija,3,De 0 a 4 años,Mujer,PICHINCHA,ECUADOR
1701500052240305,CENTRO HISTORICO,,514,Hijo/Hija,18,De 15 a 19 años,Mujer,PICHINCHA,ECUADOR
1701500052240306,CENTRO HISTORICO,,515,Hijo/Hija,18,De 15 a 19 años,Mujer,PICHINCHA,ECUADOR
1701500052240304,CENTRO HISTORICO,,516,Hermano/a,78,De 75 a 79 años,Hombre,PICHINCHA,ECUADOR
1701500052260303,CENTRO HISTORICO,,517,Hijo/Hija,25,De 25 a 29 años,Mujer,PICHINCHA,ECUADOR
1701500052260305,CENTRO HISTORICO,,518,Hijo/Hija,16,De 15 a 19 años,Mujer,IMBABURA,ECUADOR
1701500052260307,CENTRO HISTORICO,,519,Hijo/Hija,16,De 15 a 19 años,Hombre,PICHINCHA,ECUADOR
1701500052260308,CENTRO HISTORICO,,520,Hermano/a,63,De 60 a 64 años,Hombre,PICHINCHA,ECUADOR
1701500052260314,CENTRO HISTORICO,,521,Nieto/a,5,De 5 a 9 años,Hombre,PICHINCHA,ECUADOR
1701500052260313,CENTRO HISTORICO,,522,Hijo/Hija,4,De 0 a 4 años,Mujer,PICHINCHA,ECUADOR
1701500052260312,CENTRO HISTORICO,,523,Hijo/Hija,25,De 25 a 29 años,Mujer,PICHINCHA,ECUADOR
1701500052260315,CENTRO HISTORICO,,524,Hijo/Hija,22,De 20 a 24 años,Hombre,PICHINCHA,ECUADOR
1701500062240101,CENTRO HISTORICO,,525,Hijo/Hija,19,De 15 a 19 años,Mujer,PICHINCHA,ECUADOR
1701500062240106,CENTRO HISTORICO,,526,Hijo/Hija,34,De 30 a 34 años,Hombre,PICHINCHA,ECUADOR
1701500062240403,CENTRO HISTORICO,,527,Hijo/Hija,24,De 20 a 24 años,Hombre,PICHINCHA,ECUADOR
1701500062240404,CENTRO HISTORICO,,528,Hijo/Hija,10,De 10 a 14 años,Hombre,PICHINCHA,ECUADOR
1701500062240402,CENTRO HISTORICO,,529,Hijo/Hija,23,De 20 a 24 años,Hombre,PICHINCHA,ECUADOR
1701500062240401,CENTRO HISTORICO,,530,Hijo/Hija,35,De 35 a 39 años,Hombre,PICHINCHA,ECUADOR
1701500072240104,CENTRO HISTORICO,,531,Hijo/Hija,12,De 10 a 14 años,Hombre,PICHINCHA,ECUADOR
1701500072240101,CENTRO HISTORICO,,532,Hijo/Hija,19,De 15 a 19 años,Mujer,PICHINCHA,ECUADOR
1701500072240103,CENTRO HISTORICO,,533,Hijo/Hija,30,De 30 a 34 años,Mujer,PICHINCHA,ECUADOR
1701500072240202,CENTRO HISTORICO,,534,Cónyuge/conviviente,48,De 45 a 49 años,Hombre,PICHINCHA,ECUADOR
1701500072240303,CENTRO HISTORICO,,535,Hijo/Hija,9,De 5 a 9 años,Mujer,PICHINCHA,ECUADOR
1701500072240805,CENTRO HISTORICO,,536,Hijo/Hija,15,De 15 a 19 años,Hombre,PICHINCHA,ECUADOR
1701500072240803,CENTRO HISTORICO,,537,Hijo/Hija,31,De 30 a 34 años,Mujer,PICHINCHA,ECUADOR
1701500072241103,CENTRO HISTORICO,,538,Hijo/Hija,6,De 5 a 9 años,Hombre,PICHINCHA,ECUADOR
1701500072241107,CENTRO HISTORICO,,539,Hijo/Hija,17,De 15 a 19 años,Mujer,PICHINCHA,ECUADOR
1701500072241109,CENTRO HISTORICO,,540,Hijo/Hija,14,De 10 a 14 años,Mujer,IMBABURA,ECUADOR
1701500072241102,CENTRO HISTORICO,,541,Hijo/Hija,24,De 20 a 24 años,Hombre,PICHINCHA,ECUADOR
1701500072241105,CENTRO HISTORICO,,542,Hijo/Hija,16,De 15 a 19 años,Hombre,PICHINCHA,ECUADOR
1701500072241101,CENTRO HISTORICO,,543,Hijo/Hija,41,De 40 a 44 años,Hombre,PICHINCHA,ECUADOR
1701500072241116,CENTRO HISTORICO,,544,Hijo/Hija,7,De 5 a 9 años,Mujer,MANABI,ECUADOR
1701500072241119,CENTRO HISTORICO,,545,Hijo/Hija,20,De 20 a 24 años,Hombre,PICHINCHA,ECUADOR
1701500072241118,CENTRO HISTORICO,,546,Hijo/Hija,7,De 5 a 9 años,Mujer,PICHINCHA,ECUADOR
1701500072241113,CENTRO HISTORICO,,547,Hijo/Hija,40,De 40 a 44 años,Mujer,PICHINCHA,ECUADOR
1701500072241112,CENTRO HISTORICO,,548,Hijo/Hija,23,De 20 a 24 años,Mujer,PICHINCHA,ECUADOR
1701500072241111,CENTRO HISTORICO,,549,Hijo/Hija,38,De 35 a 39 años,Hombre,PICHINCHA,ECUADOR
1701500082240101,CENTRO HISTORICO,,550,Hijo/Hija,7,De 5 a 9 años,Hombre,PICHINCHA,ECUADOR
1701500082240105,CENTRO HISTORICO,,551,Hijo/Hija,16,De 15 a 19 años,Mujer,PICHINCHA,ECUADOR
1701500082240106,CENTRO HISTORICO,,552,Hijo/Hija,17,De 15 a 19 años,Mujer,PICHINCHA,ECUADOR
1701500082240104,CENTRO HISTORICO,,553,Hijo/Hija,37,De 35 a 39 años,Mujer,PICHINCHA,ECUADOR
1701500082240109,CENTRO HISTORICO,,554,Hijo/Hija,27,De 25 a 29 años,Mujer,IMBABURA,ECUADOR
1701500082240201,CENTRO HISTORICO,,555,Hijo/Hija,30,De 30 a 34 años,Mujer,PICHINCHA,ECUADOR
1701500082240603,CENTRO HISTORICO,,556,Hijo/Hija,30,De 30 a 34 años,Mujer,PICHINCHA,ECUADOR
1701500082240701,CENTRO HISTORICO,,557,Hijo/Hija,14,De 10 a 14 años,Mujer,PICHINCHA,ECUADOR
1701500082240706,CENTRO HISTORICO,,558,Hijo/Hija,15,De 15 a 19 años,Mujer,PICHINCHA,ECUADOR
1701500082240709,CENTRO HISTORICO,,559,Nieto/a,1,De 0 a 4 años,Hombre,PICHINCHA,ECUADOR
1701500082240707,CENTRO HISTORICO,,560,Hijo/Hija,24,De 20 a 24 años,Mujer,PICHINCHA,ECUADOR
1701500082240708,CENTRO HISTORICO,,561,Hijo/Hija,30,De 30 a 34 años,Mujer,PICHINCHA,ECUADOR
1701500082240703,CENTRO HISTORICO,,562,Hijo/Hija,28,De 25 a 29 años,Hombre,PICHINCHA,ECUADOR
1701500082240704,CENTRO HISTORICO,,563,Hijo/Hija,45,De 45 a 49 años,Hombre,PICHINCHA,ECUADOR
1701500092240107,CENTRO HISTORICO,,564,Nieto/a,28,De 25 a 29 años,Hombre,PICHINCHA,ECUADOR
1701500092240102,CENTRO HISTORICO,,565,Hijo/Hija,15,De 15 a 19 años,Mujer,PICHINCHA,ECUADOR
1701500092240104,CENTRO HISTORICO,,566,Hijo/Hija,29,De 25 a 29 años,Hombre,PICHINCHA,ECUADOR
1701500092240201,CENTRO HISTORICO,,567,Nieto/a,16,De 15 a 19 años,Hombre,PICHINCHA,ECUADOR
1701500092240203,CENTRO HISTORICO,,568,Hijo/Hija,29,De 25 a 29 años,Hombre,PICHINCHA,ECUADOR
1701500092240308,CENTRO HISTORICO,,569,Hijo/Hija,11,De 10 a 14 años,Hombre,PICHINCHA,ECUADOR
1701500092240509,CENTRO HISTORICO,,570,Hijo/Hija,0,De 0 a 4 años,Mujer,PICHINCHA,ECUADOR
1701500092240503,CENTRO HISTORICO,,571,Hijo/Hija,18,De 15 a 19 años,Mujer,PICHINCHA,ECUADOR
1701500092240508,CENTRO HISTORICO,,572,Hijo/Hija,5,De 5 a 9 años,Mujer,PICHINCHA,ECUADOR
1701500092240507,CENTRO HISTORICO,,573,Hijo/Hija,16,De 15 a 19 años,Mujer,PICHINCHA,ECUADOR
1701500092240512,CENTRO HISTORICO,,574,Hijo/Hija,55,De 55 a 59 años,Mujer,PICHINCHA,ECUADOR
1701500092240511,CENTRO HISTORICO,,575,Hijo/Hija,16,De 15 a 19 años,Hombre,PICHINCHA,ECUADOR
1701500092240515,CENTRO HISTORICO,,576,Hijo/Hija,14,De 10 a 14 años,Hombre,PICHINCHA,ECUADOR
1701500092240510,CENTRO HISTORICO,,577,Hijo/Hija,16,De 15 a 19 años,Hombre,PICHINCHA,ECUADOR
1701500092260209,CENTRO HISTORICO,,578,Hijo/Hija,5,De 5 a 9 años,Mujer,PICHINCHA,ECUADOR
1701500092260203,CENTRO HISTORICO,,579,Hijo/Hija,14,De 10 a 14 años,Hombre,LOJA,ECUADOR
1701500092260207,CENTRO HISTORICO,,580,Hijo/Hija,8,De 5 a 9 años,Mujer,CHIMBORAZO,ECUADOR
1701500092260201,CENTRO HISTORICO,,581,Hijo/Hija,8,De 5 a 9 años,Hombre,GUAYAS,ECUADOR
1701500092260205,CENTRO HISTORICO,,582,Otros parientes,35,De 35 a 39 años,Hombre,BOLÍVAR,ECUADOR
1701500092260208,CENTRO HISTORICO,,583,Hijo/Hija,20,De 20 a 24 años,Mujer,CHIMBORAZO,ECUADOR
1701500092260206,CENTRO HISTORICO,,584,Hijo/Hija,27,De 25 a 29 años,Hombre,PICHINCHA,ECUADOR
1701500092260214,CENTRO HISTORICO,,585,Hijo/Hija,30,De 30 a 34 años,Hombre,PICHINCHA,ECUADOR
1701500092260215,CENTRO HISTORICO,,586,Hijo/Hija,19,De 15 a 19 años,Mujer,PICHINCHA,ECUADOR
1701500092260216,CENTRO HISTORICO,,587,Hijo/Hija,15,De 15 a 19 años,Mujer,PICHINCHA,ECUADOR
1701500092260211,CENTRO HISTORICO,,588,Hijo/Hija,19,De 15 a 19 años,Hombre,CHIMBORAZO,ECUADOR
1701500092260210,CENTRO HISTORICO,,589,Hijo/Hija,4,De 0 a 4 años,Mujer,CHIMBORAZO,ECUADOR
1701500092260213,CENTRO HISTORICO,,590,Hijo/Hija,26,De 25 a 29 años,Mujer,PICHINCHA,ECUADOR
1701500092260212,CENTRO HISTORICO,,591,Hijo/Hija,21,De 20 a 24 años,Mujer,CHIMBORAZO,ECUADOR
1701500102240101,CENTRO HISTORICO,,592,Hijo/Hija,14,De 10 a 14 años,Mujer,PICHINCHA,ECUADOR
1701500102240507,CENTRO HISTORICO,,593,Nieto/a,5,De 5 a 9 años,Mujer,PICHINCHA,ECUADOR
1701500102240508,CENTRO HISTORICO,,594,Hijo/Hija,13,De 10 a 14 años,Hombre,PICHINCHA,ECUADOR
1701500102240511,CENTRO HISTORICO,,595,Hijo/Hija,48,De 45 a 49 años,Hombre,PICHINCHA,ECUADOR
1701500102240605,CENTRO HISTORICO,,596,Hijo/Hija,21,De 20 a 24 años,Mujer,PICHINCHA,ECUADOR
1701500102240604,CENTRO HISTORICO,,597,Hijo/Hija,1,De 0 a 4 años,Mujer,PICHINCHA,ECUADOR
1701500102240601,CENTRO HISTORICO,,598,Hijo/Hija,25,De 25 a 29 años,Mujer,PICHINCHA,ECUADOR
1701500102240701,CENTRO HISTORICO,,599,Padre/madre,43,De 40 a 44 años,Mujer,BOLÍVAR,ECUADOR
1701500102240804,CENTRO HISTORICO,,600,Hijo/Hija,11,De 10 a 14 años,Mujer,PICHINCHA,ECUADOR
1701500102240809,CENTRO HISTORICO,,601,Hijo/Hija,12,De 10 a 14 años,Mujer,PICHINCHA,ECUADOR
1701500102240805,CENTRO HISTORICO,,602,Hijo/Hija,23,De 20 a 24 años,Hombre,PICHINCHA,ECUADOR
1701500102240802,CENTRO HISTORICO,,603,Hijo/Hija,22,De 20 a 24 años,Mujer,PICHINCHA,ECUADOR
1701500102240801,CENTRO HISTORICO,,604,Padre/madre,91,De 90 años y mas,Mujer,PICHINCHA,ECUADOR
1701500102240807,CENTRO HISTORICO,,605,Hijo/Hija,4,De 0 a 4 años,Hombre,PICHINCHA,ECUADOR
1701500102240812,CENTRO HISTORICO,,606,Hijo/Hija,15,De 15 a 19 años,Hombre,PICHINCHA,ECUADOR
1701500102240813,CENTRO HISTORICO,,607,Hijo/Hija,12,De 10 a 14 años,Mujer,MANABI,ECUADOR
1701500112240101,CENTRO HISTORICO,,608,Hijo/Hija,9,De 5 a 9 años,Mujer,SANTO DOMINGO,ECUADOR
1701500112240107,CENTRO HISTORICO,,609,Hijo/Hija,34,De 30 a 34 años,Hombre,PICHINCHA,ECUADOR
1701500112240103,CENTRO HISTORICO,,610,Hijo/Hija,9,De 5 a 9 años,Mujer,MANABI,ECUADOR
1701500112240109,CENTRO HISTORICO,,611,Hijo/Hija,34,De 30 a 34 años,Mujer,PICHINCHA,ECUADOR
1701500112240108,CENTRO HISTORICO,,612,Hijo/Hija,19,De 15 a 19 años,Hombre,PICHINCHA,ECUADOR
1701500112240114,CENTRO HISTORICO,,613,Hermano/a,35,De 35 a 39 años,Mujer,TUNGURAHUA,ECUADOR
1701500112240110,CENTRO HISTORICO,,614,Hijo/Hija,19,De 15 a 19 años,Mujer,PICHINCHA,ECUADOR
1701500112240112,CENTRO HISTORICO,,615,Nieto/a,20,De 20 a 24 años,Mujer,PICHINCHA,ECUADOR
1701500112240111,CENTRO HISTORICO,,616,Hijo/Hija,37,De 35 a 39 años,Mujer,PICHINCHA,ECUADOR
1701500112240303,CENTRO HISTORICO,,617,Hijo/Hija,14,De 10 a 14 años,Hombre,PICHINCHA,ECUADOR
1701500112240306,CENTRO HISTORICO,,618,Hijo/Hija,3,De 0 a 4 años,Mujer,PICHINCHA,ECUADOR
1701500112240302,CENTRO HISTORICO,,619,Hijo/Hija,35,De 35 a 39 años,Hombre,PICHINCHA,ECUADOR
1701500112240307,CENTRO HISTORICO,,620,Hijo/Hija,23,De 20 a 24 años,Hombre,PICHINCHA,ECUADOR
1701500112240301,CENTRO HISTORICO,,621,Hijo/Hija,24,De 20 a 24 años,Hombre,PICHINCHA,ECUADOR
1701500012220102,CENTRO HISTORICO,,622,Hijo/Hija,24,De 20 a 24 años,Hombre,PICHINCHA,ECUADOR
1701500012220205,CENTRO HISTORICO,,623,Hijo/Hija,10,De 10 a 14 años,Mujer,PICHINCHA,ECUADOR
1701500012220202,CENTRO HISTORICO,,624,Hijo/Hija,10,De 10 a 14 años,Hombre,PICHINCHA,ECUADOR
1701500012220208,CENTRO HISTORICO,,625,Hijo/Hija,14,De 10 a 14 años,Mujer,PICHINCHA,ECUADOR
1701500022210105,CENTRO HISTORICO,,626,Hijo/Hija,7,De 5 a 9 años,Hombre,PICHINCHA,ECUADOR
1701500022210109,CENTRO HISTORICO,,627,Hijo/Hija,3,De 0 a 4 años,Hombre,OTRO PAIS,COLOMBIA
1701500022220601,CENTRO HISTORICO,,628,Hijo/Hija,21,De 20 a 24 años,Hombre,PICHINCHA,ECUADOR
1701500022221301,CENTRO HISTORICO,,629,Padre/madre,65,De 65 a 69 años,Hombre,MANABI,ECUADOR
1701500022221303,CENTRO HISTORICO,,630,Hijo/Hija,14,De 10 a 14 años,Hombre,PICHINCHA,ECUADOR
1701500022221302,CENTRO HISTORICO,,631,Hijo/Hija,12,De 10 a 14 años,Mujer,PICHINCHA,ECUADOR
1701500042210201,CENTRO HISTORICO,,632,Hijo/Hija,2,De 0 a 4 años,Hombre,PICHINCHA,ECUADOR
1701500042210203,CENTRO HISTORICO,,633,Hijo/Hija,10,De 10 a 14 años,Mujer,PICHINCHA,ECUADOR
1701500042210204,CENTRO HISTORICO,,634,Hijo/Hija,12,De 10 a 14 años,Mujer,PICHINCHA,ECUADOR
1701500042210208,CENTRO HISTORICO,,635,Padre/madre,88,De 85 a 89 años,Mujer,PICHINCHA,ECUADOR
1701500042240208,CENTRO HISTORICO,,636,Hijo/Hija,13,De 10 a 14 años,Hombre,PICHINCHA,ECUADOR
1701500042240207,CENTRO HISTORICO,,637,Hijo/Hija,10,De 10 a 14 años,Mujer,PICHINCHA,ECUADOR
1701500042240203,CENTRO HISTORICO,,638,Hijo/Hija,12,De 10 a 14 años,Mujer,PICHINCHA,ECUADOR
1701500042240201,CENTRO HISTORICO,,639,Nieto/a,8,De 5 a 9 años,Hombre,PICHINCHA,ECUADOR
1701500042240211,CENTRO HISTORICO,,640,Hijo/Hija,21,De 20 a 24 años,Hombre,PICHINCHA,ECUADOR
1701500052240101,CENTRO HISTORICO,,641,Hijo/Hija,9,De 5 a 9 años,Mujer,MANABI,ECUADOR
1701500052240111,CENTRO HISTORICO,,642,Hijo/Hija,10,De 10 a 14 años,Mujer,PICHINCHA,ECUADOR
1701500052240110,CENTRO HISTORICO,,643,Hijo/Hija,6,De 5 a 9 años,Mujer,PICHINCHA,ECUADOR
1701500052240305,CENTRO HISTORICO,,644,Hijo/Hija,16,De 15 a 19 años,Hombre,PICHINCHA,ECUADOR
1701500052260303,CENTRO HISTORICO,,645,Hijo/Hija,12,De 10 a 14 años,Mujer,PICHINCHA,ECUADOR
1701500052260305,CENTRO HISTORICO,,646,Hijo/Hija,14,De 10 a 14 años,Hombre,IMBABURA,ECUADOR
1701500052260307,CENTRO HISTORICO,,647,Hijo/Hija,12,De 10 a 14 años,Hombre,PICHINCHA,ECUADOR
1701500052260301,CENTRO HISTORICO,,648,Nieto/a,3,De 0 a 4 años,Hombre,PICHINCHA,ECUADOR
1701500052260313,CENTRO HISTORICO,,649,Hijo/Hija,3,De 0 a 4 años,Hombre,PICHINCHA,ECUADOR
1701500052260312,CENTRO HISTORICO,,650,Hijo/Hija,22,De 20 a 24 años,Hombre,PICHINCHA,ECUADOR
1701500062240101,CENTRO HISTORICO,,651,Hijo/Hija,14,De 10 a 14 años,Mujer,PICHINCHA,ECUADOR
1701500062240106,CENTRO HISTORICO,,652,Hijo/Hija,29,De 25 a 29 años,Mujer,CARCHI,ECUADOR
1701500062240403,CENTRO HISTORICO,,653,Hijo/Hija,19,De 15 a 19 años,Mujer,PICHINCHA,ECUADOR
1701500062240402,CENTRO HISTORICO,,654,Hijo/Hija,21,De 20 a 24 años,Hombre,PICHINCHA,ECUADOR
1701500072240104,CENTRO HISTORICO,,655,Hijo/Hija,6,De 5 a 9 años,Hombre,PICHINCHA,ECUADOR
1701500072240101,CENTRO HISTORICO,,656,Hijo/Hija,17,De 15 a 19 años,Hombre,OTRO PAIS,INGLATERRA
1701500072240103,CENTRO HISTORICO,,657,Nieto/a,9,De 5 a 9 años,Hombre,PICHINCHA,ECUADOR
1701500072240303,CENTRO HISTORICO,,658,Hijo/Hija,7,De 5 a 9 años,Mujer,PICHINCHA,ECUADOR
1701500072240805,CENTRO HISTORICO,,659,Hijo/Hija,12,De 10 a 14 años,Hombre,PICHINCHA,ECUADOR
1701500072240803,CENTRO HISTORICO,,660,Hijo/Hija,25,De 25 a 29 años,Hombre,PICHINCHA,ECUADOR
1701500072241109,CENTRO HISTORICO,,661,Hijo/Hija,11,De 10 a 14 años,Hombre,IMBABURA,ECUADOR
1701500072241105,CENTRO HISTORICO,,662,Hijo/Hija,13,De 10 a 14 años,Hombre,PICHINCHA,ECUADOR
1701500072241101,CENTRO HISTORICO,,663,Hijo/Hija,39,De 35 a 39 años,Hombre,PICHINCHA,ECUADOR
1701500072241116,CENTRO HISTORICO,,664,Hijo/Hija,0,De 0 a 4 años,Hombre,PICHINCHA,ECUADOR
1701500072241118,CENTRO HISTORICO,,665,Hijo/Hija,2,De 0 a 4 años,Mujer,PICHINCHA,ECUADOR
1701500072241113,CENTRO HISTORICO,,666,Nieto/a,22,De 20 a 24 años,Mujer,PICHINCHA,ECUADOR
1701500072241112,CENTRO HISTORICO,,667,Hijo/Hija,21,De 20 a 24 años,Hombre,PICHINCHA,ECUADOR
1701500082240106,CENTRO HISTORICO,,668,Hijo/Hija,2,De 0 a 4 años,Mujer,PICHINCHA,ECUADOR
1701500082240104,CENTRO HISTORICO,,669,Hijo/Hija,38,De 35 a 39 años,Mujer,PICHINCHA,ECUADOR
1701500082240201,CENTRO HISTORICO,,670,Hijo/Hija,28,De 25 a 29 años,Hombre,PICHINCHA,ECUADOR
1701500082240603,CENTRO HISTORICO,,671,Hijo/Hija,28,De 25 a 29 años,Hombre,PICHINCHA,ECUADOR
1701500082240701,CENTRO HISTORICO,,672,Hijo/Hija,10,De 10 a 14 años,Mujer,PICHINCHA,ECUADOR
1701500082240706,CENTRO HISTORICO,,673,Hijo/Hija,11,De 10 a 14 años,Mujer,PICHINCHA,ECUADOR
1701500082240707,CENTRO HISTORICO,,674,Hijo/Hija,10,De 10 a 14 años,Mujer,PICHINCHA,ECUADOR
1701500082240704,CENTRO HISTORICO,,675,Hijo/Hija,40,De 40 a 44 años,Hombre,PICHINCHA,ECUADOR
1701500092240102,CENTRO HISTORICO,,676,Hijo/Hija,13,De 10 a 14 años,Hombre,PICHINCHA,ECUADOR
1701500092240104,CENTRO HISTORICO,,677,Empleados/as domésticos/as,42,De 40 a 44 años,Mujer,CHIMBORAZO,ECUADOR
1701500092240201,CENTRO HISTORICO,,678,Nieto/a,11,De 10 a 14 años,Hombre,PICHINCHA,ECUADOR
1701500092240203,CENTRO HISTORICO,,679,Hijo/Hija,23,De 20 a 24 años,Hombre,PICHINCHA,ECUADOR
1701500092240508,CENTRO HISTORICO,,680,Hijo/Hija,0,De 0 a 4 años,Hombre,PICHINCHA,ECUADOR
1701500092240507,CENTRO HISTORICO,,681,Hijo/Hija,9,De 5 a 9 años,Hombre,PICHINCHA,ECUADOR
1701500092240511,CENTRO HISTORICO,,682,Hijo/Hija,14,De 10 a 14 años,Mujer,PICHINCHA,ECUADOR
1701500092240510,CENTRO HISTORICO,,683,Hijo/Hija,13,De 10 a 14 años,Hombre,PICHINCHA,ECUADOR
1701500092260209,CENTRO HISTORICO,,684,Hijo/Hija,3,De 0 a 4 años,Mujer,PICHINCHA,ECUADOR
1701500092260207,CENTRO HISTORICO,,685,Hijo/Hija,4,De 0 a 4 años,Mujer,PICHINCHA,ECUADOR
1701500092260201,CENTRO HISTORICO,,686,Hermano/a,24,De 20 a 24 años,Hombre,GUAYAS,ECUADOR
1701500092260208,CENTRO HISTORICO,,687,Hijo/Hija,16,De 15 a 19 años,Hombre,CHIMBORAZO,ECUADOR
1701500092260206,CENTRO HISTORICO,,688,Hijo/Hija,25,De 25 a 29 años,Hombre,PICHINCHA,ECUADOR
1701500092260214,CENTRO HISTORICO,,689,Hijo/Hija,22,De 20 a 24 años,Mujer,PICHINCHA,ECUADOR
1701500092260215,CENTRO HISTORICO,,690,Hijo/Hija,16,De 15 a 19 años,Mujer,PICHINCHA,ECUADOR
1701500092260216,CENTRO HISTORICO,,691,Hijo/Hija,8,De 5 a 9 años,Hombre,PICHINCHA,ECUADOR
1701500092260211,CENTRO HISTORICO,,692,Hijo/Hija,18,De 15 a 19 años,Mujer,CHIMBORAZO,ECUADOR
1701500092260212,CENTRO HISTORICO,,693,Hijo/Hija,18,De 15 a 19 años,Hombre,CHIMBORAZO,ECUADOR
1701500102240508,CENTRO HISTORICO,,694,Hijo/Hija,8,De 5 a 9 años,Hombre,PICHINCHA,ECUADOR
1701500102240511,CENTRO HISTORICO,,695,Hijo/Hija,40,De 40 a 44 años,Hombre,PICHINCHA,ECUADOR
1701500102240601,CENTRO HISTORICO,,696,Hijo/Hija,16,De 15 a 19 años,Hombre,PICHINCHA,ECUADOR
1701500102240701,CENTRO HISTORICO,,697,Otros parientes,66,De 65 a 69 años,Hombre,TUNGURAHUA,ECUADOR
1701500102240804,CENTRO HISTORICO,,698,Hijo/Hija,7,De 5 a 9 años,Hombre,PICHINCHA,ECUADOR
1701500102240805,CENTRO HISTORICO,,699,Nieto/a,11,De 10 a 14 años,Mujer,PICHINCHA,ECUADOR
1701500102240802,CENTRO HISTORICO,,700,Otros parientes,22,De 20 a 24 años,Hombre,PICHINCHA,ECUADOR
1701500112240101,CENTRO HISTORICO,,701,Hijo/Hija,6,De 5 a 9 años,Hombre,PICHINCHA,ECUADOR
1701500112240107,CENTRO HISTORICO,,702,Hijo/Hija,33,De 30 a 34 años,Mujer,PICHINCHA,ECUADOR
1701500112240103,CENTRO HISTORICO,,703,Hijo/Hija,7,De 5 a 9 años,Mujer,MANABI,ECUADOR
1701500112240109,CENTRO HISTORICO,,704,Hijo/Hija,27,De 25 a 29 años,Hombre,PICHINCHA,ECUADOR
1701500112240110,CENTRO HISTORICO,,705,Suegro/a,68,De 65 a 69 años,Hombre,PICHINCHA,ECUADOR
1701500112240112,CENTRO HISTORICO,,706,Nieto/a,17,De 15 a 19 años,Hombre,PICHINCHA,ECUADOR
1701500112240111,CENTRO HISTORICO,,707,Hijo/Hija,32,De 30 a 34 años,Hombre,PICHINCHA,ECUADOR
1701500112240302,CENTRO HISTORICO,,708,Hijo/Hija,27,De 25 a 29 años,Hombre,PICHINCHA,ECUADOR
1701500112240307,CENTRO HISTORICO,,709,Hijo/Hija,14,De 10 a 14 años,Mujer,PICHINCHA,ECUADOR
1701500112240301,CENTRO HISTORICO,,710,Hijo/Hija,10,De 10 a 14 años,Mujer,PICHINCHA,ECUADOR
1701500012220102,CENTRO HISTORICO,,711,Hijo/Hija,21,De 20 a 24 años,Mujer,PICHINCHA,ECUADOR
1701500022210105,CENTRO HISTORICO,,712,Suegro/a,69,De 65 a 69 años,Mujer,COTOPAXI,ECUADOR
1701500022221302,CENTRO HISTORICO,,713,Hijo/Hija,7,De 5 a 9 años,Hombre,PICHINCHA,ECUADOR
1701500042240208,CENTRO HISTORICO,,714,Hijo/Hija,11,De 10 a 14 años,Hombre,PICHINCHA,ECUADOR
1701500042240207,CENTRO HISTORICO,,715,Hijo/Hija,8,De 5 a 9 años,Mujer,PICHINCHA,ECUADOR
1701500042240203,CENTRO HISTORICO,,716,Hijo/Hija,9,De 5 a 9 años,Hombre,PICHINCHA,ECUADOR
1701500042240211,CENTRO HISTORICO,,717,Hijo/Hija,3,De 0 a 4 años,Mujer,PICHINCHA,ECUADOR
1701500052240305,CENTRO HISTORICO,,718,Hijo/Hija,3,De 0 a 4 años,Hombre,PICHINCHA,ECUADOR
1701500052260303,CENTRO HISTORICO,,719,Nieto/a,4,De 0 a 4 años,Mujer,PICHINCHA,ECUADOR
1701500052260305,CENTRO HISTORICO,,720,Hijo/Hija,12,De 10 a 14 años,Hombre,IMBABURA,ECUADOR
1701500052260307,CENTRO HISTORICO,,721,Hijo/Hija,6,De 5 a 9 años,Hombre,PICHINCHA,ECUADOR
1701500062240101,CENTRO HISTORICO,,722,Hijo/Hija,12,De 10 a 14 años,Mujer,PICHINCHA,ECUADOR
1701500062240403,CENTRO HISTORICO,,723,Hijo/Hija,14,De 10 a 14 años,Mujer,PICHINCHA,ECUADOR
1701500062240402,CENTRO HISTORICO,,724,Hijo/Hija,10,De 10 a 14 años,Hombre,PICHINCHA,ECUADOR
1701500072240303,CENTRO HISTORICO,,725,Hijo/Hija,5,De 5 a 9 años,Mujer,PICHINCHA,ECUADOR
1701500072240805,CENTRO HISTORICO,,726,Hijo/Hija,10,De 10 a 14 años,Hombre,PICHINCHA,ECUADOR
1701500072241109,CENTRO HISTORICO,,727,Hijo/Hija,9,De 5 a 9 años,Mujer,PICHINCHA,ECUADOR
1701500072241105,CENTRO HISTORICO,,728,Hijo/Hija,9,De 5 a 9 años,Hombre,PICHINCHA,ECUADOR
1701500072241101,CENTRO HISTORICO,,729,Hijo/Hija,35,De 35 a 39 años,Mujer,PICHINCHA,ECUADOR
1701500082240106,CENTRO HISTORICO,,730,Hijo/Hija,4,De 0 a 4 años,Hombre,PICHINCHA,ECUADOR
1701500082240603,CENTRO HISTORICO,,731,Hijo/Hija,10,De 10 a 14 años,Mujer,PICHINCHA,ECUADOR
1701500082240701,CENTRO HISTORICO,,732,Hijo/Hija,6,De 5 a 9 años,Mujer,PICHINCHA,ECUADOR
1701500082240707,CENTRO HISTORICO,,733,Hijo/Hija,2,De 0 a 4 años,Mujer,PICHINCHA,ECUADOR
1701500082240704,CENTRO HISTORICO,,734,Hijo/Hija,30,De 30 a 34 años,Mujer,PICHINCHA,ECUADOR
1701500092240104,CENTRO HISTORICO,,735,Otros no parientes,21,De 20 a 24 años,Hombre,PICHINCHA,ECUADOR
1701500092240203,CENTRO HISTORICO,,736,Hijo/Hija,16,De 15 a 19 años,Hombre,PICHINCHA,ECUADOR
1701500092240510,CENTRO HISTORICO,,737,Hijo/Hija,7,De 5 a 9 años,Mujer,PICHINCHA,ECUADOR
1701500092260201,CENTRO HISTORICO,,738,Otros parientes,20,De 20 a 24 años,Hombre,GUAYAS,ECUADOR
1701500092260208,CENTRO HISTORICO,,739,Hijo/Hija,10,De 10 a 14 años,Hombre,CHIMBORAZO,ECUADOR
1701500092260206,CENTRO HISTORICO,,740,Hijo/Hija,23,De 20 a 24 años,Mujer,PICHINCHA,ECUADOR
1701500092260214,CENTRO HISTORICO,,741,Hijo/Hija,21,De 20 a 24 años,Hombre,PICHINCHA,ECUADOR
1701500092260215,CENTRO HISTORICO,,742,Hijo/Hija,2,De 0 a 4 años,Hombre,PICHINCHA,ECUADOR
1701500092260211,CENTRO HISTORICO,,743,Nieto/a,12,De 10 a 14 años,Hombre,CHIMBORAZO,ECUADOR
1701500102240508,CENTRO HISTORICO,,744,Hijo/Hija,4,De 0 a 4 años,Mujer,PICHINCHA,ECUADOR
1701500102240601,CENTRO HISTORICO,,745,Hijo/Hija,14,De 10 a 14 años,Hombre,PICHINCHA,ECUADOR
1701500102240701,CENTRO HISTORICO,,746,Hermano/a,10,De 10 a 14 años,Mujer,PICHINCHA,ECUADOR
1701500112240107,CENTRO HISTORICO,,747,Hijo/Hija,28,De 25 a 29 años,Hombre,PICHINCHA,ECUADOR
1701500112240109,CENTRO HISTORICO,,748,Hijo/Hija,20,De 20 a 24 años,Hombre,PICHINCHA,ECUADOR
1701500112240111,CENTRO HISTORICO,,749,Hijo/Hija,17,De 15 a 19 años,Mujer,PICHINCHA,ECUADOR
1701500012220102,CENTRO HISTORICO,,750,Otros parientes,88,De 85 a 89 años,Mujer,PICHINCHA,ECUADOR
1701500052260305,CENTRO HISTORICO,,751,Hijo/Hija,11,De 10 a 14 años,Mujer,IMBABURA,ECUADOR
1701500062240403,CENTRO HISTORICO,,752,Hijo/Hija,14,De 10 a 14 años,Mujer,PICHINCHA,ECUADOR
1701500072240303,CENTRO HISTORICO,,753,Padre/madre,78,De 75 a 79 años,Mujer,CHIMBORAZO,ECUADOR
1701500082240704,CENTRO HISTORICO,,754,Suegro/a,85,De 85 a 89 años,Mujer,AZUAY,ECUADOR
1701500092260214,CENTRO HISTORICO,,755,Padre/madre,89,De 85 a 89 años,Mujer,PICHINCHA,ECUADOR
1701500102240601,CENTRO HISTORICO,,756,Hijo/Hija,12,De 10 a 14 años,Hombre,PICHINCHA,ECUADOR
1701500112240107,CENTRO HISTORICO,,757,Hijo/Hija,26,De 25 a 29 años,Hombre,PICHINCHA,ECUADOR
1701500062240403,CENTRO HISTORICO,,758,Hijo/Hija,9,De 5 a 9 años,Hombre,PICHINCHA,ECUADOR